"build_time_min","deploy_time_min","commit_size_loc","num_bugs","test_coverage_pct","ticket_resolution_h","team","module","priority","deploy_status"
9.76,6.76,145,1,67.06,2.94,"Gamma","api","baja","success"
11.08,10.82,118,2,85.33,5.37,"Gamma","api","baja","failed"
18.23,5.13,130,2,79.76,7.02,"Alpha","payments","baja","success"
12.28,11.7,113,0,66.72,4.51,"Alpha","auth","baja","success"
12.52,10.29,118,1,95.15,13.95,"Delta","ui","media","success"
18.86,8.84,106,1,71.45,10.74,"Beta","payments","media","success"
13.84,9.44,117,1,91.59,7.56,"Alpha","auth","baja","success"
6.94,8.51,128,2,78.85,15.34,"Delta","api","alta","success"
9.25,6.88,117,2,67.19,5.48,"Delta","api","media","success"
10.22,7.14,119,2,58.73,5.07,"Delta","auth","baja","success"
16.9,6.49,131,3,63.46,24.91,"Delta","api","alta","success"
13.44,11.1,108,0,77.65,15.43,"Beta","ui","crítica","success"
13.6,9.5,130,1,79.43,14.71,"Gamma","payments","crítica","success"
12.44,7.73,125,0,67.24,23,"Gamma","database","media","success"
9.78,5.15,104,1,76.6,4.77,"Alpha","auth","baja","failed"
19.15,8.8,105,3,93.42,25.64,"Beta","api","alta","success"
13.99,5.48,119,3,77.8,30.52,"Delta","auth","media","success"
4.13,5.87,98,1,78.6,18.68,"Gamma","database","media","success"
14.81,13.1,138,2,83.76,15.28,"Delta","ui","baja","success"
10.11,4.51,120,4,94.82,11.24,"Gamma","payments","media","success"
7.73,5.79,131,2,56.96,24.51,"Gamma","database","baja","success"
11.13,6.55,113,3,62.92,22.3,"Alpha","auth","baja","success"
7.9,6.51,107,1,56.68,9.5,"Beta","database","media","success"
9.08,5.19,104,2,64.93,5.5,"Beta","auth","media","rolled_back"
9.5,7.53,123,1,86.71,3.78,"Delta","payments","baja","success"
5.25,5.4,122,0,82.33,4.34,"Gamma","ui","baja","success"
15.35,11.36,125,1,80.71,11.2,"Beta","ui","baja","success"
12.61,8.31,116,2,79.36,2.28,"Alpha","ui","media","success"
7.45,10.15,114,3,69.54,8.46,"Delta","ui","media","success"
17.02,4.49,108,1,76.99,8.47,"Gamma","payments","media","success"
13.71,7.96,136,2,81.04,6.02,"Delta","database","baja","success"
10.82,9.36,115,2,91.84,4.89,"Alpha","auth","alta","success"
15.58,8.25,136,1,68.82,4.81,"Delta","ui","media","success"
15.51,8.04,108,2,91.73,10.5,"Delta","database","alta","failed"
15.29,5.41,113,4,85.81,9.51,"Gamma","payments","crítica","success"
14.75,6.43,122,1,85.99,24.99,"Alpha","auth","crítica","success"
14.22,6.99,134,0,77.66,15.5,"Delta","database","baja","failed"
11.75,5.99,126,3,60.93,9.15,"Gamma","database","crítica","success"
10.78,9.91,118,1,83.2,11.86,"Delta","database","alta","failed"
10.48,12.4,104,2,69.08,20.41,"Gamma","database","alta","failed"
9.22,11.29,118,2,75.27,4.19,"Beta","auth","media","success"
11.17,9.06,134,1,100,20.63,"Gamma","database","media","rolled_back"
6.94,7.7,101,0,56.92,16.48,"Delta","api","crítica","success"
20.68,9.44,120,1,81.93,8.38,"Gamma","auth","crítica","success"
16.83,6.03,127,4,100,7.13,"Delta","api","alta","success"
7.51,8.66,121,6,100,8.81,"Gamma","payments","media","success"
10.39,8.42,114,1,50.18,27.11,"Alpha","ui","media","failed"
10.13,2.14,121,2,66.86,15.41,"Delta","api","baja","success"
15.12,12.74,116,4,52.44,2.03,"Gamma","api","alta","success"
11.67,4.67,140,6,80.8,14.49,"Beta","api","media","success"
13.01,1.44,123,1,75.63,4.84,"Beta","auth","alta","success"
11.89,8,108,3,61.5,8.6,"Gamma","auth","media","success"
11.83,8.27,109,0,87.91,3.21,"Beta","payments","baja","success"
17.47,7.98,112,3,52.57,25.95,"Beta","api","media","success"
11.1,8.35,132,3,77.24,11.42,"Alpha","database","baja","success"
18.07,5.04,116,0,77.71,18.82,"Gamma","auth","media","success"
5.8,9.48,113,1,81.4,11.62,"Beta","auth","baja","success"
14.34,11.45,112,3,82.72,5.77,"Delta","payments","media","success"
12.5,5.9,123,2,83.6,16.61,"Beta","database","alta","success"
12.86,8.76,131,0,67.27,7.88,"Gamma","database","baja","success"
13.52,7.32,123,1,78.71,29.34,"Alpha","payments","alta","success"
9.99,7.85,116,1,79.31,13.2,"Alpha","ui","media","success"
10.67,10.44,143,2,95.55,17.34,"Delta","payments","media","success"
7.93,8.69,105,2,72.2,29.74,"Gamma","auth","media","success"
7.71,12.83,121,1,71.85,13.96,"Alpha","ui","baja","success"
13.21,7.17,123,0,63.84,8.19,"Beta","api","media","success"
13.79,11.7,115,1,100,8.29,"Beta","ui","media","success"
12.21,6.86,121,5,90.29,16.19,"Delta","auth","media","success"
15.69,7.42,115,1,98.04,6.69,"Alpha","payments","alta","success"
20.2,7.18,127,3,69.63,9.31,"Alpha","ui","alta","success"
10.04,8.72,124,3,68.19,6.93,"Beta","database","media","success"
2.76,9.17,126,1,68.75,19.03,"Delta","database","media","success"
16.02,8.36,126,0,93.58,18.72,"Delta","payments","alta","success"
9.16,9.5,113,4,87.99,5.67,"Alpha","ui","media","success"
9.25,6.05,119,3,95.99,12.75,"Beta","database","media","success"
16.1,7.4,120,0,87.64,35.42,"Alpha","payments","crítica","rolled_back"
10.86,9.63,116,2,81.22,12.65,"Delta","database","crítica","success"
7.12,10.6,127,1,87.22,21.28,"Alpha","auth","media","success"
12.73,8.85,117,3,71.98,8.87,"Delta","api","alta","success"
11.44,9.77,106,0,100,4.09,"Gamma","payments","media","success"
12.02,10.1,125,2,88.07,12.84,"Alpha","database","baja","rolled_back"
13.54,9.52,115,2,62.63,7.47,"Delta","database","crítica","success"
10.52,7.44,118,0,88.61,17.34,"Gamma","payments","media","rolled_back"
14.58,7.59,118,3,73.08,15.62,"Alpha","database","crítica","success"
11.12,9.55,124,0,87.7,9.77,"Alpha","database","baja","success"
13.33,6.86,135,0,69.67,12.56,"Gamma","api","alta","success"
16.39,7.67,129,1,91.7,13.93,"Alpha","ui","baja","success"
13.74,7.77,111,3,70.04,19.2,"Alpha","auth","media","failed"
10.7,4.03,108,2,92.6,17.1,"Beta","payments","baja","rolled_back"
16.6,8.84,125,1,70.15,7.99,"Delta","ui","media","rolled_back"
15.97,9.43,115,2,94.24,16.4,"Beta","api","media","success"
14.19,7.85,111,2,80.77,7.58,"Delta","payments","alta","failed"
12.95,12.49,121,1,75.88,15.22,"Alpha","ui","alta","failed"
9.49,7.56,127,1,70.32,4.71,"Alpha","api","media","success"
17.44,9.45,137,1,65.26,13.49,"Alpha","api","media","success"
9.6,9.33,142,3,73.65,17.46,"Alpha","api","crítica","success"
20.75,9.96,119,2,51.35,4.81,"Delta","api","alta","success"
18.13,9.04,95,4,85.83,8.99,"Delta","ui","alta","success"
11.06,7.52,114,0,74.76,2.12,"Beta","ui","alta","success"
7.89,9.41,125,0,83.47,11.04,"Delta","ui","baja","success"
9.16,8.63,117,1,76.65,8.24,"Alpha","database","media","success"
13.03,8.61,120,2,71.51,11.23,"Delta","ui","alta","failed"
11.01,9.8,120,0,100,13.21,"Delta","ui","alta","success"
10.61,9.93,127,1,81.84,24.52,"Alpha","auth","baja","success"
8.19,7.98,122,4,77.78,15.19,"Delta","ui","baja","success"
11.82,7.03,104,4,62,19.99,"Alpha","payments","alta","success"
8.86,11.32,116,0,73.45,16.25,"Alpha","database","alta","failed"
5.33,8.13,124,2,80.23,23.72,"Beta","ui","media","success"
10.48,7.06,126,0,85.49,6.19,"Gamma","ui","baja","failed"
15.68,5.63,116,1,80.9,15.39,"Gamma","database","baja","success"
9.7,8.67,122,0,52.52,4.41,"Delta","ui","alta","success"
14.43,8.97,123,3,72.81,16.13,"Alpha","auth","media","success"
5.53,5.15,127,2,100,14.96,"Delta","auth","media","success"
11.78,4.63,112,2,74.02,7.27,"Alpha","auth","alta","failed"
14.08,8.46,103,2,70.48,14.11,"Gamma","database","media","success"
13.2,5.95,114,5,79.67,8.6,"Delta","api","baja","failed"
12.42,11.37,131,1,73.73,7.46,"Gamma","payments","media","success"
9.44,5.23,122,1,86.8,7.04,"Gamma","ui","baja","success"
8.6,4.13,103,1,81.07,5.26,"Alpha","api","crítica","success"
7.9,7.83,125,4,71.92,6.9,"Alpha","auth","baja","failed"
12.47,9.17,109,3,61.53,16.52,"Gamma","auth","media","success"
8.21,8.39,119,3,71.4,8.92,"Gamma","auth","alta","success"
10.04,7.7,121,0,96.04,14.48,"Alpha","api","media","success"
10.98,8.95,118,1,93.47,13.94,"Beta","database","baja","success"
19.38,6.08,109,2,73.22,2.99,"Delta","payments","media","rolled_back"
9.39,8.57,123,2,68.96,12.04,"Beta","auth","crítica","success"
12.94,5.92,123,2,80.48,4.72,"Gamma","api","media","success"
12.31,5.99,111,0,75.76,2.29,"Beta","payments","baja","success"
8.15,8.27,97,1,54.45,20.49,"Delta","database","baja","failed"
11.71,9.03,125,1,62.46,21.52,"Delta","ui","baja","success"
17.78,5.83,105,2,88.67,3.84,"Delta","payments","alta","success"
13.81,4.12,110,2,80.22,10.15,"Gamma","api","media","success"
12.16,5.43,128,3,80.81,5.63,"Delta","database","media","success"
10.31,3,125,3,80.67,10.54,"Delta","auth","media","success"
3.79,8.32,117,1,65.63,5.54,"Delta","ui","alta","success"
16.53,9.46,111,2,85.53,20.03,"Gamma","api","crítica","success"
6.16,12.5,131,1,76.75,5.57,"Gamma","auth","media","success"
14.96,5.76,132,2,100,3.89,"Alpha","ui","media","failed"
19.64,6.82,125,5,82.16,25.69,"Delta","api","baja","failed"
6.22,7.73,107,2,85.37,2.55,"Alpha","auth","baja","rolled_back"
14.81,8.59,124,2,80.39,15.7,"Alpha","ui","media","success"
10.95,6,104,5,66.23,28.93,"Beta","auth","media","success"
5.71,10.32,117,0,93.26,19.76,"Alpha","ui","media","success"
5.94,7.05,129,1,82.64,16.95,"Alpha","database","alta","success"
5.59,10.46,98,3,82.27,4.95,"Gamma","api","baja","success"
9.88,3.93,118,2,96.83,5.01,"Beta","database","baja","success"
6.15,7.59,125,3,85.5,20.03,"Delta","database","media","success"
14.75,8.86,107,1,62.21,5.91,"Beta","auth","baja","success"
20.4,6.77,119,2,59.86,6.15,"Beta","payments","crítica","success"
6.85,6.8,104,0,79.83,5.32,"Gamma","api","media","success"
15.15,6.41,110,4,98.36,7.29,"Beta","payments","media","success"
15.08,8.26,106,0,73.93,6.7,"Alpha","payments","alta","failed"
13.33,11.16,129,1,80.97,5.12,"Gamma","api","media","success"
7.97,5.44,105,1,81.23,19.88,"Gamma","database","alta","success"
11.52,7.75,117,2,86.32,29.78,"Delta","auth","media","success"
10.88,6.79,118,0,89.05,10.56,"Gamma","database","media","success"
14.25,11.53,126,1,89.18,1.34,"Gamma","ui","alta","success"
10.51,12.82,116,0,86.06,21.9,"Delta","payments","media","success"
15.91,9.25,119,1,74.2,7.26,"Alpha","auth","baja","rolled_back"
10.5,8.17,118,3,77.8,3.58,"Alpha","auth","baja","failed"
16.21,11.42,117,1,84.67,9.43,"Gamma","database","media","success"
7.8,6.85,119,2,90.28,5.73,"Alpha","api","crítica","success"
6.96,7.86,131,0,86.6,10.8,"Beta","payments","baja","rolled_back"
24.96,10.63,115,0,84.54,17.48,"Alpha","api","media","success"
10.33,8.26,123,2,100,2.08,"Alpha","api","alta","success"
13.19,6.81,116,1,81.9,6.14,"Delta","ui","alta","rolled_back"
14.55,8.46,120,0,81.01,14.9,"Alpha","auth","alta","failed"
10.06,6.88,122,1,83.53,10.26,"Gamma","payments","alta","rolled_back"
14.07,12.67,138,2,90.86,24.96,"Gamma","database","crítica","success"
13.48,7.04,131,3,91.08,0.33,"Gamma","auth","media","success"
11.14,10.35,115,4,74.66,21.87,"Alpha","ui","crítica","success"
12.26,8,122,1,97.73,22.33,"Gamma","ui","baja","success"
11.86,11.33,126,1,69.88,20.15,"Alpha","database","media","success"
20.51,10.33,121,2,78.96,25.9,"Gamma","database","crítica","success"
9.03,6.38,120,0,61.87,4.53,"Gamma","auth","media","success"
7.62,8.71,111,2,72.03,24.46,"Delta","ui","media","success"
12.15,7.64,126,1,72.78,11.47,"Delta","ui","media","success"
13.24,9.26,128,2,70.14,16.34,"Gamma","api","baja","success"
13.75,7.88,124,1,72.57,21.91,"Alpha","ui","alta","success"
10.17,9.18,129,1,88.74,1.98,"Alpha","database","baja","success"
7.75,7.71,147,1,64.08,4.98,"Alpha","ui","baja","success"
17.05,10.39,121,3,71.26,12.86,"Delta","auth","baja","success"
10.6,8.78,130,5,86.3,7.36,"Beta","api","alta","success"
8.54,4.71,132,1,57.45,24.71,"Beta","api","baja","success"
11.05,7.95,106,1,87.11,21.23,"Delta","auth","baja","success"
11.21,7.16,131,1,72.2,2.63,"Gamma","payments","media","success"
16.44,10.79,100,4,88.3,5.56,"Gamma","ui","crítica","success"
12.34,5.12,111,3,63.81,5.91,"Gamma","payments","media","success"
15.02,2.89,96,1,71.53,13.56,"Delta","database","baja","success"
10,9.17,130,3,77.43,12.81,"Gamma","database","baja","success"
12.86,10.35,127,2,74.71,19.62,"Alpha","ui","media","success"
10.7,9.13,119,1,66.93,10.66,"Alpha","api","crítica","success"
12.38,11.38,120,2,82.75,6.04,"Gamma","ui","media","success"
8.42,10.25,140,3,84.48,10.95,"Alpha","api","media","success"
6.76,5.67,105,1,95.03,7.32,"Beta","payments","media","success"
19.99,10.33,100,2,91.22,5.08,"Alpha","database","alta","success"
14.4,6.53,122,1,69.78,5.71,"Delta","api","baja","success"
6.99,10.76,115,0,77.03,4.67,"Beta","api","alta","success"
9.56,10.48,134,1,91.05,11.63,"Alpha","auth","alta","success"
7.26,7.88,112,3,63.24,11.03,"Delta","api","media","success"
20.8,10.67,119,1,59.66,17.2,"Alpha","auth","alta","success"
17.25,7.33,121,4,82.85,6.86,"Delta","database","crítica","failed"
10.94,10.53,120,2,68.37,18.35,"Beta","payments","crítica","success"
14.17,2.23,132,7,83.89,12.39,"Gamma","ui","crítica","failed"
10.34,5.37,130,1,100,16.67,"Delta","api","media","failed"
10.1,8.37,129,0,89.76,17.52,"Delta","auth","alta","success"
8.85,6.72,112,2,86.05,20.48,"Beta","api","media","success"
9.62,1.33,106,3,74.77,4.72,"Alpha","auth","crítica","success"
18.6,5.91,129,2,97.41,4.18,"Alpha","ui","crítica","success"
11.78,12.03,123,2,62.22,6.95,"Beta","payments","media","success"
12.48,4.98,115,2,90.68,2.85,"Beta","database","alta","success"
12.97,8.42,126,2,92.17,5.62,"Beta","payments","crítica","success"
16.93,6.77,109,0,60.72,2.86,"Gamma","payments","alta","success"
9.94,8.05,138,1,66.41,26.97,"Gamma","api","alta","failed"
8.03,7.56,135,2,63.3,18.22,"Beta","auth","alta","failed"
18.7,7.66,115,2,83.86,25.6,"Gamma","database","alta","success"
10.24,7.69,134,1,88.89,21.44,"Beta","payments","media","success"
9.11,2.56,125,2,69.3,6.04,"Alpha","database","alta","failed"
7.05,8,116,2,92.71,3.13,"Alpha","auth","media","rolled_back"
6.86,8.32,119,2,69.57,12.93,"Beta","api","media","success"
9.7,9.03,132,1,57.98,13.07,"Beta","ui","alta","success"
14.47,11.42,123,3,67.09,17.6,"Gamma","payments","alta","success"
16.44,8.09,117,1,89.38,4.3,"Delta","auth","alta","success"
14.83,8.68,111,1,79.37,8.64,"Beta","payments","crítica","failed"
10.55,4.43,125,2,78.54,10.55,"Beta","ui","baja","success"
12.24,8.25,136,1,83.87,15.01,"Delta","auth","alta","success"
9.18,4.11,115,6,69.7,9.04,"Beta","payments","media","success"
9.13,13,119,3,91.16,13.71,"Beta","api","alta","failed"
15.54,7.11,136,0,70.83,6.18,"Alpha","ui","baja","success"
7.94,8.88,122,4,72.25,11.7,"Alpha","ui","media","success"
19.82,9.1,108,2,66.82,4.92,"Alpha","ui","alta","success"
11.64,4.73,87,3,71.74,10.03,"Beta","payments","alta","success"
12.86,9.17,110,2,91.16,6.41,"Delta","auth","baja","success"
9.05,5.32,150,3,88.66,7.93,"Delta","api","baja","success"
9.7,9.15,107,1,76.85,9.85,"Gamma","ui","media","failed"
6.73,6.45,104,0,69.62,25.32,"Gamma","api","baja","rolled_back"
11.27,6.3,119,1,77.05,19.3,"Beta","ui","media","success"
13.68,9.04,124,3,66.42,2.6,"Alpha","auth","media","success"
13.3,8.92,129,2,73.99,12.48,"Beta","payments","media","success"
8.87,7.38,117,6,69.51,8.33,"Gamma","ui","baja","success"
8.85,6.16,119,2,75.64,34.97,"Alpha","ui","alta","success"
9.99,8.49,111,2,72.4,16.93,"Alpha","database","media","success"
17.98,7.88,117,2,75.47,22.55,"Delta","api","baja","success"
7.45,10.4,119,4,84.24,11.96,"Alpha","payments","alta","success"
11.28,6.42,119,0,83.11,3.07,"Beta","api","baja","success"
19.61,7.69,123,1,72.69,17.1,"Beta","auth","baja","success"
11.6,13.68,127,3,86.67,16.26,"Delta","database","media","rolled_back"
6.56,4.79,121,2,55.07,9.82,"Gamma","database","alta","failed"
9.34,8.79,126,2,93.57,17.52,"Beta","ui","crítica","success"
13.94,9.03,112,0,93,21.14,"Beta","database","baja","success"
10.5,6.88,138,1,86.72,15.93,"Delta","database","crítica","success"
9.75,6.23,105,1,81.73,7.48,"Gamma","payments","alta","success"
10.62,4.36,121,3,67.02,14.59,"Beta","payments","media","success"
12.36,4.46,124,2,59.98,10.92,"Gamma","ui","media","success"
18.39,7.34,127,2,90.11,5.61,"Alpha","payments","crítica","rolled_back"
11.65,11.13,126,1,78.24,6.53,"Alpha","payments","baja","success"
16.32,8.13,116,1,99.02,9.97,"Gamma","auth","media","failed"
14.52,11.86,112,2,69.29,13.06,"Delta","database","baja","success"
11.55,6.49,112,2,65.15,2.57,"Beta","ui","media","success"
5.87,9.45,136,0,69.22,4.79,"Beta","ui","alta","success"
9.92,8.31,136,1,75.96,10.13,"Beta","database","crítica","success"
10.04,8.91,139,3,63.22,4.34,"Gamma","database","media","success"
12.19,8.51,97,0,100,7.2,"Alpha","payments","media","success"
17.2,9.94,122,3,60.06,11.3,"Alpha","api","media","success"
21.17,7.98,112,2,59.12,13.67,"Gamma","ui","media","success"
18.19,10.42,109,1,74.4,11.95,"Beta","api","alta","failed"
11.47,9.23,151,6,68.83,14.21,"Beta","auth","alta","success"
4.97,7.98,108,0,64.61,19.74,"Beta","api","baja","success"
10.44,7.72,114,2,100,22.83,"Alpha","auth","baja","success"
12.36,4.81,99,3,66.69,3.76,"Alpha","auth","alta","success"
15.38,6.38,110,1,92.34,15.51,"Gamma","auth","crítica","success"
15.85,7.34,105,3,95.13,4.64,"Beta","api","media","success"
14.74,10.34,120,3,72.26,14.48,"Beta","ui","media","success"
6.42,9.98,124,1,85.7,12.4,"Gamma","api","baja","success"
15.4,5.98,108,1,57.59,34.89,"Gamma","ui","alta","success"
10.21,6.81,122,1,73.15,34,"Delta","payments","media","success"
12.7,12.34,114,0,71.37,9.97,"Alpha","payments","media","failed"
12.3,4.47,116,2,83.88,10.26,"Beta","ui","baja","success"
13.71,8.45,120,1,94.94,2.42,"Beta","database","alta","success"
12.1,8.69,126,2,61.56,11.01,"Alpha","database","media","success"
5.33,6.75,121,3,95.79,2.86,"Delta","auth","baja","success"
14.95,4.57,120,5,99.67,7.67,"Beta","api","alta","success"
13.54,7.02,107,3,74.26,12.93,"Gamma","ui","baja","success"
10.94,14.72,124,0,59.19,6.18,"Alpha","database","baja","rolled_back"
12.47,7.73,150,1,84.54,8.75,"Beta","payments","baja","success"
12.54,7.44,133,0,79.23,12.66,"Gamma","ui","baja","success"
12.88,8.45,132,4,68.51,3.28,"Delta","ui","alta","failed"
18.56,5.08,127,3,100,3.37,"Delta","payments","crítica","rolled_back"
11.12,9.88,116,1,69.33,18.15,"Delta","database","baja","success"
12.67,9.8,119,2,80.67,19.92,"Delta","auth","alta","success"
16.67,7.13,113,3,83.16,21.84,"Gamma","api","baja","success"
16.22,8.15,123,0,59.8,20.09,"Gamma","api","media","success"
16.58,6.74,110,0,95.55,6.99,"Delta","api","alta","success"
9.69,9.72,111,0,100,10.86,"Gamma","ui","alta","success"
20.01,3.85,119,2,84.64,3.38,"Gamma","ui","baja","success"
12.27,7.44,106,1,92.1,6.38,"Beta","ui","alta","success"
19.47,9.56,116,5,70.91,17.08,"Alpha","api","baja","success"
6.6,12.22,125,2,74.41,21.69,"Beta","api","media","success"
12.08,5.73,134,0,84.68,16.32,"Beta","payments","crítica","success"
17,5.2,110,2,81.8,12.95,"Alpha","payments","baja","success"
9.14,7.73,120,1,68.24,9.47,"Alpha","ui","alta","success"
8.99,7.86,132,4,78.82,6.39,"Delta","payments","baja","failed"
8.25,9.9,117,5,92.86,24.02,"Beta","auth","media","success"
7.79,7.71,115,2,69.32,8.76,"Gamma","auth","alta","failed"
10.25,6.56,134,2,71.98,13.32,"Alpha","payments","media","success"
13.32,12.72,129,0,64.8,16.17,"Gamma","auth","crítica","success"
3.94,7.18,109,4,87.06,32.37,"Beta","ui","baja","success"
12.85,10.2,117,2,68.26,13.35,"Gamma","ui","media","success"
16.95,9.86,131,2,84.97,8.71,"Alpha","payments","media","success"
20.15,6.9,132,0,66.41,16.2,"Gamma","api","media","success"
17.2,12.16,115,5,65.74,7.15,"Alpha","auth","media","success"
15.03,5.11,118,2,76.98,12.93,"Beta","auth","alta","rolled_back"
5.09,5.66,111,2,63.18,23.71,"Beta","payments","crítica","success"
9.59,10.92,118,1,95.56,23.44,"Alpha","payments","media","success"
10.59,4.11,108,2,81.45,22.4,"Alpha","auth","crítica","success"
14.81,9.59,128,0,74.06,2.3,"Delta","database","alta","success"
11.58,8.49,129,0,61.15,2.74,"Alpha","auth","baja","success"
6.97,9.85,117,0,49.44,9.73,"Gamma","payments","media","success"
18.74,9.95,125,0,95.87,30.36,"Alpha","api","media","success"
15.65,6.34,135,3,99.65,12.34,"Gamma","ui","alta","success"
12.95,6.29,119,1,88.07,8.07,"Beta","database","alta","success"
16.87,10.04,126,3,66.43,11.27,"Delta","payments","media","success"
6.64,10.22,129,3,94.96,15.39,"Alpha","database","media","success"
14.64,5.22,126,1,87.77,17.28,"Alpha","database","media","success"
9.91,4.92,147,2,62.14,16.34,"Alpha","database","media","failed"
14.73,5.31,124,2,99.47,12.17,"Beta","api","alta","success"
11.76,7.96,132,4,57.41,7.36,"Gamma","payments","alta","success"
14.53,7.95,122,1,55.03,14.08,"Alpha","auth","media","success"
17.34,13.82,139,5,84.38,9.97,"Gamma","auth","baja","success"
12.03,9.34,115,0,64.55,15.38,"Alpha","ui","alta","success"
16.07,7.62,102,3,52.55,18.22,"Beta","database","alta","success"
7.25,6.68,122,4,62.18,17.4,"Gamma","auth","alta","success"
9.11,6.66,134,2,100,23.04,"Beta","payments","media","success"
18.08,6.45,118,1,84.09,9.8,"Delta","api","baja","success"
13.51,5.26,118,0,61.87,10.23,"Gamma","ui","crítica","rolled_back"
3.79,8.44,121,2,72.52,7.19,"Delta","database","baja","success"
6.54,0.03,127,3,83.05,15.49,"Beta","database","alta","success"
11.2,5.08,110,1,74.2,11.08,"Gamma","api","alta","success"
15.46,10.48,115,5,82.31,13.05,"Delta","database","crítica","success"
11.59,8.37,114,2,74.89,8.1,"Alpha","database","baja","success"
14.5,9.39,118,1,88.36,8.1,"Beta","auth","baja","success"
15.84,6.53,136,0,87.83,15.68,"Beta","auth","baja","success"
18.68,11.52,132,1,89.26,12.59,"Alpha","auth","alta","success"
12.22,7.26,125,4,75.77,20.97,"Alpha","database","baja","success"
11.79,9.47,118,3,58.98,16.03,"Delta","auth","alta","success"
4.99,8.03,130,1,100,6.88,"Gamma","api","media","success"
12.4,9.2,115,2,72.27,13.8,"Alpha","api","media","failed"
9.71,6.9,134,2,72.22,3.18,"Alpha","ui","media","success"
8.1,11.11,115,0,100,13.27,"Gamma","api","alta","rolled_back"
11.28,6.71,137,1,89.61,13.44,"Beta","payments","alta","failed"
16.06,15.15,118,0,76.81,15.44,"Beta","auth","crítica","success"
4.03,7.6,141,1,86.46,6.43,"Alpha","auth","alta","success"
10.29,8.32,108,4,82.18,14.1,"Gamma","database","baja","success"
12.47,6.45,123,4,79.88,4.38,"Alpha","database","alta","failed"
8.43,9.83,135,4,72.39,20.61,"Gamma","api","media","success"
13.34,8.47,127,1,93.08,6.93,"Beta","database","media","success"
13.65,9.59,117,1,86.33,8.97,"Beta","database","media","success"
11.87,9.78,132,3,75.83,8.9,"Gamma","auth","media","success"
2.14,6.08,128,3,87.26,12.09,"Alpha","api","alta","success"
22.29,10.06,117,1,77.86,3.73,"Beta","payments","crítica","success"
11.18,5.03,108,0,80.4,24.53,"Alpha","payments","media","failed"
14.6,8.38,133,1,95.57,1.98,"Beta","api","alta","success"
13.1,10.28,111,1,82.38,3.67,"Beta","auth","baja","success"
16.1,4.02,141,2,82.5,7.68,"Beta","auth","media","success"
15.27,6.9,127,1,87.64,2.95,"Alpha","ui","media","success"
11.16,6.99,123,0,72.06,10.81,"Beta","ui","alta","success"
13.51,2.84,127,2,64.83,9.57,"Delta","database","baja","failed"
8.22,7.49,114,5,92.42,19.31,"Delta","auth","media","failed"
15.43,11.52,106,1,93.44,10.62,"Alpha","payments","media","success"
10.16,4.48,131,1,87.33,23.22,"Delta","ui","media","success"
21.67,5.25,116,1,91.09,17.06,"Delta","payments","baja","success"
5.4,7.02,115,1,94.89,15.73,"Alpha","database","media","success"
10.14,7.85,126,2,71.68,32.4,"Alpha","api","media","success"
15.3,8.26,123,1,94.46,3.45,"Delta","database","alta","success"
14.04,8.47,97,1,79.82,6.16,"Beta","database","media","success"
9.64,7.3,120,1,49.88,20.96,"Beta","auth","crítica","success"
8.01,13.9,118,1,84.09,8.85,"Alpha","auth","media","success"
12.58,6.88,144,3,82.16,8.06,"Gamma","auth","alta","success"
11.94,4.66,130,3,36.14,6.27,"Gamma","payments","baja","success"
4.84,4.09,126,1,65.68,8.05,"Delta","ui","media","success"
12.14,7.5,114,1,65.05,11.51,"Gamma","api","media","success"
12.76,6.65,126,2,73.85,21.32,"Beta","api","alta","success"
12.7,10.62,119,4,74.44,6.14,"Alpha","database","baja","success"
7.78,7.53,119,1,83.14,14.01,"Alpha","api","alta","rolled_back"
13.9,8.2,138,0,83.46,7.1,"Alpha","payments","media","success"
17.51,3.96,136,1,54.32,11.17,"Alpha","auth","crítica","success"
13.82,7.4,137,1,76.77,20.5,"Alpha","auth","alta","success"
7.46,7.32,124,4,70.58,6.17,"Beta","database","media","success"
10.26,4.49,100,0,81.26,2.84,"Beta","database","media","success"
13.38,5.72,115,3,75.88,11.3,"Alpha","payments","media","success"
9.41,5.82,123,2,64.88,9.38,"Alpha","api","baja","rolled_back"
3.37,10.07,109,1,70.65,14.49,"Alpha","payments","media","success"
15.54,9.4,113,2,85.08,15.34,"Alpha","api","alta","success"
8.68,9.74,107,2,72.17,5.4,"Beta","ui","media","success"
9.71,11.51,140,3,75.05,1.8,"Beta","payments","media","success"
18.02,7.2,119,2,60.87,5.55,"Beta","auth","crítica","failed"
8.9,10.96,120,1,77.5,5.79,"Gamma","payments","media","success"
15.38,7.34,110,0,81.58,10.07,"Delta","auth","baja","success"
6.96,10.89,128,0,62.34,33.59,"Gamma","payments","media","success"
10.58,4.87,107,2,100,15.3,"Gamma","database","media","success"
11.71,6.49,109,1,100,23.43,"Beta","database","baja","failed"
7.33,10.28,126,3,81.81,21.4,"Gamma","ui","media","failed"
9.46,12.14,118,0,87.98,3,"Alpha","payments","alta","success"
11.88,7.9,118,2,58.99,29.05,"Delta","ui","media","failed"
14.68,7.17,126,1,77.54,3.02,"Alpha","auth","crítica","success"
5.4,9.57,147,0,82.52,8.12,"Alpha","database","media","success"
10.6,7.7,119,3,70.1,12.43,"Delta","ui","alta","success"
15.03,8.03,111,4,49.38,8.45,"Alpha","ui","alta","success"
9.84,8.63,114,3,75.86,51.41,"Beta","api","baja","success"
12.91,10.72,119,2,74.24,3.37,"Alpha","auth","crítica","success"
13.97,5.34,109,3,75.05,20.23,"Alpha","payments","baja","success"
13.07,6.9,119,1,78.35,19.38,"Beta","database","alta","success"
14.61,9.5,129,2,85.68,28.07,"Delta","ui","media","failed"
11.51,2.64,130,0,82.65,11.12,"Gamma","ui","media","success"
10.35,11.24,132,2,91.98,4.94,"Alpha","ui","alta","success"
1.43,6.38,133,3,79.05,7.99,"Beta","auth","baja","success"
11.63,5.39,121,5,82.73,25.29,"Gamma","payments","alta","success"
13.72,8.42,136,2,75.34,7.46,"Delta","database","alta","success"
14.14,13.58,126,2,80.48,4.38,"Alpha","auth","crítica","success"
9.78,6.32,125,2,58,1.92,"Delta","api","media","success"
19.12,4.26,130,3,64.65,2.84,"Alpha","database","media","success"
13.15,7.67,112,3,73.91,7.18,"Gamma","api","alta","success"
12.51,10.93,103,3,86.84,14.18,"Alpha","payments","baja","rolled_back"
17.09,7.31,131,3,63.73,8.24,"Alpha","ui","media","success"
9.13,9.5,116,1,69.93,24.52,"Beta","auth","media","success"
10.2,10.89,122,4,96.91,9.04,"Beta","ui","baja","success"
21.59,3.72,137,1,85.01,12.67,"Gamma","payments","baja","success"
12.04,9.5,113,2,64.07,18.17,"Gamma","ui","baja","success"
18.53,6.71,113,0,82.28,13.59,"Delta","payments","media","success"
6.25,7.85,130,1,84.14,2.45,"Alpha","api","media","success"
11.24,13.61,129,2,84.02,14.64,"Beta","auth","media","success"
13.51,8.63,119,1,90.16,4.68,"Beta","ui","crítica","success"
13.2,10.03,131,3,84.59,7.2,"Alpha","auth","media","success"
7.98,5.53,121,3,56.11,11.19,"Beta","ui","media","success"
12.08,9.08,119,1,73.81,7.01,"Delta","api","alta","rolled_back"
7.69,7.69,120,2,84.39,13.28,"Gamma","ui","media","success"
14.85,7.42,132,2,80.83,12.54,"Beta","api","crítica","success"
16.34,9.39,111,0,72.99,10.97,"Alpha","api","alta","success"
3.1,4.24,125,2,80.55,5.94,"Beta","database","media","success"
16.94,11.48,125,3,83.62,7.55,"Alpha","payments","media","success"
7.04,13.71,124,2,99,12.47,"Beta","api","baja","success"
13.82,6.9,113,0,84.05,14.98,"Alpha","payments","alta","success"
14.64,9.3,139,1,67.26,3.09,"Gamma","ui","baja","success"
11.2,13.13,116,1,94.19,18.97,"Delta","ui","baja","success"
9.42,5.79,110,1,80.88,13.64,"Gamma","database","media","rolled_back"
12.66,8.12,129,1,71.96,22.42,"Gamma","ui","media","success"
13.76,13.77,123,1,88.88,6.59,"Alpha","auth","crítica","rolled_back"
15.53,5.69,122,2,89.08,18.89,"Gamma","payments","media","success"
3.79,10.39,132,2,88.35,4.17,"Alpha","ui","alta","success"
5.45,9.18,119,3,84.03,5.12,"Alpha","auth","media","success"
17.72,7.09,131,2,53.93,3.64,"Alpha","payments","media","failed"
16.19,8.9,121,3,89.43,5.63,"Gamma","payments","alta","success"
13.74,7.17,110,1,83.82,9,"Delta","payments","baja","success"
14.86,9.9,96,3,58.98,5.49,"Gamma","payments","baja","failed"
15.67,6.73,115,0,72.58,13.76,"Alpha","auth","alta","success"
1.36,3.61,99,2,90.81,8.52,"Alpha","payments","media","success"
16.44,10.03,128,1,58.68,18.25,"Alpha","auth","media","failed"
10.06,10.83,115,3,78.02,5.15,"Alpha","auth","media","success"
12.92,8.28,130,0,73.78,13.5,"Alpha","ui","media","success"
10.82,5.92,117,0,94.12,5.16,"Alpha","payments","media","failed"
15.49,6.79,122,1,100,15.79,"Alpha","api","media","success"
10.61,4.71,113,6,83.72,1.14,"Beta","payments","crítica","success"
14.07,4.53,140,2,87.43,25.3,"Gamma","payments","media","success"
10.44,10.83,133,6,62.18,7.4,"Beta","auth","media","failed"
7.63,2.85,128,2,77.45,22.39,"Gamma","ui","crítica","success"
16.84,9.4,106,1,78.93,15.74,"Gamma","ui","baja","success"
14.96,7.04,112,4,68.81,6.04,"Beta","auth","media","success"
18.9,4.69,132,1,67.39,3.14,"Alpha","database","baja","success"
12.26,7.42,141,1,78.99,18.7,"Beta","api","alta","success"
16.5,7.53,114,3,98.46,7.61,"Gamma","payments","media","success"
19.9,11.01,113,1,92.16,15.72,"Beta","payments","baja","success"
10.87,14,132,2,91.74,14.97,"Alpha","payments","baja","success"
6.71,12.56,120,2,66.51,7.15,"Gamma","auth","alta","success"
11.04,12.07,113,3,78.48,7.02,"Beta","ui","media","failed"
11.14,12.04,107,1,57.38,17.45,"Delta","auth","alta","success"
12.61,10.32,110,1,76.23,18.69,"Beta","database","baja","success"
18.85,6.86,122,3,65.2,25.92,"Gamma","api","baja","failed"
10.7,8.43,131,1,90.92,10.89,"Delta","auth","media","success"
13.49,4.17,130,2,81.17,6.15,"Beta","payments","alta","failed"
11.09,6.06,123,1,58.34,5.76,"Alpha","auth","alta","success"
12.08,5.82,112,2,49.41,12.91,"Delta","ui","media","rolled_back"
13.26,5.27,123,1,94.27,20.11,"Delta","database","media","success"
17.31,11.53,117,3,79.27,3.49,"Gamma","payments","baja","success"
12.49,9.25,128,2,82.41,3.43,"Gamma","ui","media","success"
14.85,8.66,120,4,67.17,13.65,"Gamma","ui","crítica","rolled_back"
15.12,7.97,132,3,82.37,22.08,"Alpha","auth","baja","rolled_back"
15.66,10.46,130,1,79.13,10.09,"Beta","api","crítica","success"
9.7,10.21,110,3,67.81,2.77,"Gamma","ui","alta","success"
18.51,5.74,104,4,77.35,7.17,"Beta","auth","alta","failed"
10.48,2.99,95,3,78.46,19.01,"Delta","ui","media","success"
11.58,5.05,126,2,78.01,29.43,"Gamma","api","alta","success"
17.62,6.76,96,3,82.58,6.82,"Beta","api","baja","success"
17.18,7.99,123,4,76.11,16.65,"Beta","ui","baja","success"
7.64,11.76,113,1,50.45,10.61,"Alpha","auth","alta","success"
8.51,9.59,122,5,76.26,17.4,"Beta","auth","media","success"
6.57,9.71,110,4,91.57,12.98,"Alpha","ui","media","success"
12.73,10.03,114,3,65.34,25.04,"Alpha","database","media","success"
12.66,7.67,116,0,71.82,9.22,"Alpha","api","media","success"
13.46,5.31,121,5,72.66,7.92,"Delta","ui","alta","success"
14.21,5.76,113,1,70.54,13.63,"Alpha","ui","baja","success"
9.59,4.61,117,2,62.94,29.44,"Gamma","api","media","success"
8.03,4.77,118,3,75.71,9.08,"Gamma","payments","alta","success"
16.11,4.21,117,0,85.59,9.81,"Delta","api","alta","success"
15,10.15,128,3,85.37,6.9,"Delta","database","baja","success"
5.96,4.96,137,2,96.89,4.51,"Alpha","auth","alta","success"
11.62,9.55,120,3,73.57,6.6,"Alpha","auth","baja","success"
8.42,13.86,133,0,70.76,4.05,"Delta","payments","crítica","success"
3.72,7.5,120,1,77.78,5.07,"Delta","ui","alta","success"
12.6,7.54,114,2,72.56,9.6,"Beta","api","media","success"
11.68,10.1,133,0,76.79,16.35,"Gamma","ui","crítica","success"
11.61,7.96,106,2,61.51,15.47,"Gamma","payments","alta","failed"
12.86,6.09,128,1,85.3,18.19,"Beta","api","alta","success"
15.53,4.45,121,2,81.72,5.57,"Delta","api","baja","success"
12.82,8.23,109,0,68.03,11.8,"Alpha","database","crítica","success"
9.53,6.93,128,1,66.13,2.8,"Gamma","ui","baja","success"
9.06,8.98,129,1,81.19,3.15,"Gamma","payments","crítica","failed"
11.47,8.71,123,2,71.38,18.06,"Gamma","ui","media","success"
13.24,11.25,116,3,62.64,26.38,"Delta","ui","alta","success"
7.84,9.5,106,3,73.58,27.96,"Delta","database","alta","success"
11.26,10.84,116,6,72.27,9.2,"Alpha","api","media","success"
15.87,8.17,115,2,90.2,17.2,"Delta","auth","baja","success"
11.57,10.04,124,0,71.57,16.58,"Delta","payments","crítica","success"
9.21,7.38,130,2,76.47,7.83,"Delta","api","alta","success"
10.9,7.62,130,1,61.96,13.24,"Gamma","ui","alta","success"
16.46,8.19,110,1,89.09,28.81,"Delta","database","media","success"
14.2,5.22,128,2,80.03,13,"Beta","api","media","success"
16.95,4.99,124,2,56.03,25.5,"Beta","database","alta","success"
12.56,7.27,106,2,72.91,8.83,"Gamma","database","media","success"
13.64,4.5,130,1,93.43,17.39,"Gamma","payments","crítica","success"
9.77,8.24,104,3,88.92,18.56,"Alpha","payments","media","success"
14.42,10,132,1,83.66,2.91,"Delta","ui","media","success"
9.97,5.79,120,3,83.74,8.24,"Gamma","ui","baja","success"
6.32,8.13,124,2,78.79,20.58,"Beta","ui","media","success"
12.51,4.15,125,2,80.62,5.7,"Delta","api","alta","success"
19.78,10.34,125,0,64.46,17.23,"Alpha","ui","media","success"
15.2,7.11,108,2,95.98,13.26,"Gamma","api","baja","success"
16.66,11.83,125,0,86.84,7.06,"Gamma","api","baja","failed"
13.44,8.1,119,1,70.22,18.42,"Delta","ui","media","success"
9.57,12.65,114,2,74.24,4.73,"Gamma","ui","media","success"
11.19,8.84,97,1,79.52,8.98,"Alpha","database","crítica","failed"
10.91,7.53,124,3,71.07,3.16,"Alpha","ui","media","success"
10.13,10.53,116,2,54.14,2.35,"Gamma","payments","alta","success"
14.82,9.32,114,3,73.8,1.36,"Alpha","payments","media","success"
7.21,6.61,114,2,81.91,14.62,"Beta","payments","baja","success"
15.47,9.76,111,0,70.4,13.28,"Alpha","database","media","success"
15.46,9.58,112,2,64.06,22.35,"Delta","api","baja","success"
7.21,8.93,124,5,82.09,12.51,"Gamma","auth","alta","success"
14.56,7.11,112,2,95.91,22.04,"Delta","api","crítica","success"
21.72,7.87,121,2,56.06,24.07,"Delta","payments","media","success"
9.77,10.2,121,4,71.77,8.59,"Alpha","database","crítica","success"
15.38,10.81,125,3,52.1,17.44,"Delta","api","media","success"
8.87,8.74,135,2,83.01,19.62,"Gamma","ui","baja","success"
16.44,5.98,123,0,52.18,1.45,"Gamma","database","media","failed"
13,9.88,129,0,84.07,16.01,"Delta","payments","crítica","success"
18.61,8.37,111,3,83.11,16.56,"Delta","payments","baja","rolled_back"
6.16,10.84,96,0,76.71,12.47,"Delta","payments","media","success"
11.79,4,128,2,89.58,12.57,"Gamma","ui","media","failed"
9.89,6.14,122,1,92.4,27.58,"Alpha","api","media","success"
11.21,9.33,109,3,85.2,18.58,"Delta","api","media","success"
9.48,4.62,119,1,88.61,8.01,"Alpha","auth","alta","success"
8.66,14.87,99,5,68.2,7.57,"Beta","ui","media","failed"
14.31,5.87,114,1,91.18,4.19,"Delta","api","alta","success"
7.65,9.12,120,3,66.08,4.62,"Alpha","payments","baja","success"
17.94,3.68,124,3,89.32,11.11,"Gamma","api","media","success"
7.26,13.51,101,3,76.95,15.31,"Beta","auth","media","success"
12.4,9.81,111,2,95.82,12.58,"Beta","api","alta","success"
14.13,6.72,102,2,84.94,6.49,"Gamma","payments","crítica","success"
14.35,8.65,109,7,78.31,14.85,"Delta","api","crítica","success"
10.79,6.22,128,2,83.27,7.14,"Gamma","database","media","success"
12.32,3.7,91,1,92.15,8.99,"Beta","auth","crítica","success"
15.85,5.28,123,2,62.6,8.72,"Alpha","database","crítica","success"
6.17,5.72,110,0,98.98,13.87,"Delta","api","alta","rolled_back"
8.87,10.85,119,3,73.89,7.37,"Alpha","database","baja","success"
13.28,9.17,115,1,83.38,22.4,"Gamma","payments","alta","failed"
10.22,7.07,101,1,56.08,11.19,"Alpha","payments","media","success"
17.48,7.36,135,1,74.77,17.78,"Delta","auth","baja","failed"
14.69,10.68,134,2,74.57,4.56,"Gamma","api","baja","success"
12.29,5.49,105,2,90.28,5.15,"Beta","auth","media","failed"
5.97,9.5,111,1,72.25,1.64,"Gamma","ui","alta","failed"
12.1,5.66,136,0,89.75,18.77,"Delta","ui","baja","success"
10.73,9.79,108,0,88.04,10.3,"Delta","ui","alta","failed"
11.59,11.14,106,3,65.21,13.3,"Beta","auth","alta","success"
7.27,6.91,113,2,99.52,12.31,"Beta","database","media","success"
13.99,9.14,114,1,59.52,2.8,"Delta","ui","alta","failed"
7.84,2.49,99,0,58.75,14.12,"Beta","ui","baja","success"
11.1,8.81,119,3,100,10.74,"Beta","auth","baja","success"
13.53,8.79,121,1,64.92,4.65,"Delta","auth","baja","success"
8.87,9.06,103,1,73.53,10.81,"Delta","database","media","success"
14.33,11.04,104,2,70.9,15.02,"Alpha","payments","alta","success"
6.73,5.62,107,1,74.78,15.3,"Delta","database","baja","success"
0.76,11.5,133,1,74.37,17.41,"Gamma","database","baja","success"
13.86,5.6,114,2,87.07,17.7,"Gamma","ui","media","failed"
15.36,3.91,116,0,78.4,14.32,"Beta","payments","alta","success"
10.86,13.51,115,0,77.85,16.63,"Beta","auth","media","success"
14.02,10.04,104,4,76.85,5.83,"Beta","database","media","success"
7.38,9.91,111,2,78,7.22,"Gamma","database","baja","success"
11.49,9.58,134,2,76.68,13.85,"Delta","api","baja","success"
4.23,7.48,131,1,85.89,11.7,"Delta","ui","media","success"
16.72,10.52,124,1,76.98,16.08,"Alpha","auth","media","success"
19.44,11.59,112,4,86.38,28.83,"Alpha","payments","media","success"
16.3,4.1,131,4,77.63,25.07,"Delta","ui","baja","success"
11.89,5.14,117,2,87.96,13.2,"Beta","api","baja","success"
11.87,6.19,110,1,86.51,3.69,"Beta","payments","crítica","success"
5.94,9.31,118,3,66.47,7.26,"Delta","auth","media","success"
15.16,2.14,105,3,64.29,2.22,"Delta","payments","baja","success"
11.16,7.61,113,2,59.62,20.69,"Beta","database","media","success"
9.37,4.37,114,1,63.95,6.75,"Gamma","api","media","success"
6.35,7.14,124,2,41.77,11.2,"Delta","database","media","success"
10.8,3.98,123,3,98.14,7.34,"Delta","payments","alta","success"
8.6,10.93,114,2,90.21,1.53,"Delta","auth","baja","success"
10.41,7.31,124,3,67.83,7.25,"Alpha","payments","baja","success"
7.13,7.51,123,3,71.67,16.28,"Delta","api","alta","success"
18.75,11.73,103,3,100,14.79,"Gamma","ui","baja","success"
11.94,5.84,132,2,58.93,10.1,"Beta","ui","media","success"
16.3,4.13,138,2,77.74,36.42,"Delta","auth","media","success"
1.59,6.45,116,4,61.42,28.78,"Alpha","auth","media","success"
10.19,6.37,116,3,83.22,16.05,"Beta","ui","baja","success"
9.3,8.88,100,1,96.45,2.4,"Alpha","auth","crítica","failed"
7.11,7.21,107,1,86.62,8.8,"Delta","database","baja","success"
18.19,4.47,132,1,83.38,3.98,"Alpha","ui","media","success"
6.34,7.54,121,4,68.12,23.06,"Alpha","database","baja","success"
13.27,9.49,125,0,94.99,10.74,"Delta","api","alta","success"
15.39,4.64,130,0,79.79,27.71,"Beta","ui","alta","success"
12.71,10.5,139,1,92.27,12.4,"Delta","api","media","success"
8.5,9.77,111,0,85.84,6.74,"Alpha","ui","alta","success"
15.76,11.75,114,2,73.5,4.36,"Beta","database","media","success"
12.68,7.18,142,1,83.79,8.45,"Alpha","auth","baja","success"
7.75,9.06,129,5,78.19,14.58,"Gamma","api","alta","failed"
6.45,5.82,107,2,85.47,4,"Delta","payments","media","success"
20.35,7.36,123,5,53.25,18.45,"Alpha","api","media","success"
9.29,5.37,114,2,73.15,7.93,"Gamma","api","media","failed"
4.58,10.69,111,3,61.77,9.76,"Delta","database","media","success"
14.13,4.38,125,3,82.49,32.56,"Gamma","auth","media","success"
13.24,9.54,127,2,65.06,12.51,"Alpha","database","media","success"
6.58,6.29,140,3,63.86,29.16,"Alpha","database","baja","success"
4.23,5.38,132,2,72.51,12.31,"Beta","auth","media","success"
11.53,11.65,107,1,69.82,5.81,"Beta","ui","baja","success"
16.56,8.27,136,2,71.82,22.07,"Gamma","auth","alta","success"
14.54,8.83,104,3,81.58,18.94,"Alpha","api","crítica","success"
10.03,8.49,120,2,77.25,18.4,"Alpha","auth","alta","success"
8.66,9.63,111,3,80.83,10.27,"Delta","auth","baja","success"
13.08,11.69,118,2,63.49,20.49,"Gamma","auth","media","success"
12.63,8.16,111,4,81.89,5.06,"Delta","auth","media","success"
14.52,11.05,100,3,69.54,27.72,"Alpha","payments","media","success"
10.42,2.13,130,2,76.7,20.63,"Delta","auth","media","success"
15.6,9.58,130,2,65.38,0.7,"Beta","api","media","success"
8.68,9.06,128,3,81.84,14.7,"Gamma","payments","media","success"
10.68,8.45,130,2,84.31,9.19,"Alpha","api","baja","success"
14.96,8.32,144,1,79.42,8,"Gamma","api","media","success"
15.96,6.86,150,6,79.3,20.53,"Delta","database","alta","success"
4.25,6.44,115,2,91.93,2,"Beta","ui","media","success"
12.43,10.74,120,4,84.53,3.57,"Delta","database","alta","success"
14.44,7.53,122,1,88.5,10.62,"Gamma","api","baja","failed"
6.2,10.95,128,2,73.51,6.88,"Gamma","database","alta","success"
13.92,7.03,111,0,75.23,10.84,"Alpha","api","media","success"
8.69,5.47,125,2,86.89,16.82,"Beta","api","media","success"
16.08,11.62,106,4,79.89,7.95,"Delta","auth","media","success"
14.15,7.75,128,1,82.63,16,"Beta","ui","media","rolled_back"
15.08,11.04,119,3,100,12.98,"Beta","api","media","failed"
12.48,4.92,116,2,89.61,25.71,"Gamma","payments","alta","failed"
15.45,8.89,124,1,86.14,14.15,"Beta","api","crítica","rolled_back"
17.52,7.21,115,2,100,5.08,"Delta","api","alta","rolled_back"
19.86,12.89,122,1,67.27,10.71,"Gamma","api","media","success"
11.89,11.27,105,2,87.64,5.67,"Delta","ui","media","success"
3,9.4,122,0,71.34,5.52,"Delta","auth","alta","failed"
12.13,6.73,107,2,82.17,2.98,"Beta","database","alta","success"
12.82,10.46,95,1,60.33,10.08,"Beta","ui","media","success"
11.38,9.8,121,1,64.78,19.92,"Delta","database","alta","success"
14.27,4.38,115,3,90.77,11.65,"Beta","auth","media","success"
16.04,10.97,114,3,60.47,9.18,"Beta","ui","media","success"
9.93,10.14,115,3,62.64,15.39,"Delta","payments","crítica","success"
10.82,7.53,130,2,82.58,7.42,"Delta","ui","alta","success"
13.59,13.78,111,2,71.47,10.93,"Beta","ui","media","success"
9.8,10.38,114,1,66.28,7.9,"Gamma","ui","alta","success"
12.37,6.72,121,1,65.52,8.83,"Delta","api","crítica","success"
4.15,10.33,124,1,72.18,23.71,"Delta","payments","media","success"
7.52,9.02,122,4,89.47,10.46,"Alpha","auth","alta","success"
6.69,7.56,146,2,74.32,44.32,"Alpha","database","media","success"
8.59,0.5,125,2,86.95,21.43,"Delta","auth","alta","failed"
9.23,6.92,112,4,63.12,7.71,"Delta","api","baja","success"
13.53,8.06,134,2,79.13,12.28,"Beta","payments","crítica","failed"
15.93,9.81,128,1,79.86,24.72,"Delta","ui","alta","success"
9.09,8.88,106,1,79.54,9.68,"Delta","api","alta","success"
8.01,8.57,108,3,67.3,7.99,"Beta","api","media","success"
7.83,11.78,127,2,78.41,8.85,"Delta","api","media","success"
10.34,7.87,143,0,87.12,10.05,"Alpha","payments","baja","success"
11.04,5.36,111,3,77.8,12.12,"Gamma","database","media","success"
13.93,6.74,118,3,82.95,11.14,"Beta","api","media","success"
10.71,7.54,109,3,86.39,22.94,"Delta","payments","baja","success"
3.69,6.56,115,5,94.05,21.05,"Delta","ui","alta","success"
11.63,3.34,115,2,77.27,8.32,"Gamma","ui","baja","success"
16.75,9.49,107,3,62.34,16.28,"Delta","payments","alta","success"
16.77,9.98,117,4,88.17,9.19,"Alpha","database","alta","success"
8.84,6.16,120,1,94.76,2.12,"Beta","database","media","success"
5.81,9.09,137,3,78.03,4.62,"Delta","database","media","failed"
21.83,7.21,110,2,66.73,1.62,"Alpha","ui","media","failed"
11.35,7.26,113,1,61.63,8.13,"Gamma","ui","media","failed"
11.61,9.51,113,3,68.23,8.02,"Delta","api","media","success"
13.68,9.05,149,1,79.59,9.06,"Delta","ui","media","success"
5.54,6.54,107,1,79.98,21.92,"Gamma","api","baja","success"
9.09,6.17,96,1,80.96,5.07,"Beta","database","alta","success"
5.84,9.36,129,1,75.75,6.17,"Alpha","auth","alta","success"
9.23,5.5,118,1,70.51,15.98,"Alpha","ui","media","success"
12.48,6.24,124,2,61.98,26.47,"Beta","auth","media","failed"
6.54,11.46,102,5,88.83,24.26,"Beta","ui","alta","success"
14.36,8.4,107,4,82.28,13.75,"Alpha","ui","alta","success"
13.16,6.89,139,1,60.58,6.28,"Gamma","ui","baja","success"
8.38,5.06,131,1,79.62,19.99,"Gamma","auth","baja","success"
12.91,9.79,115,2,77.38,9.78,"Delta","payments","alta","success"
14.99,6.62,119,3,89.8,4.67,"Delta","ui","alta","success"
16.24,8.24,132,3,60.6,12.86,"Delta","api","media","success"
11.15,10.98,118,1,58.28,6.38,"Alpha","ui","media","success"
11.63,7.45,127,1,76.68,4.72,"Beta","auth","crítica","success"
11.65,10.58,119,3,88.28,13.12,"Alpha","ui","baja","success"
17.77,5.13,139,4,77.26,18.4,"Delta","database","media","success"
16.5,3.59,116,2,62.52,12.27,"Alpha","ui","media","success"
15.34,8.82,105,0,87.09,7.67,"Alpha","database","baja","success"
10.85,10.98,128,2,100,4.8,"Beta","auth","baja","success"
13.49,6.68,120,4,63.07,13.24,"Alpha","ui","media","failed"
13.61,7.36,132,1,84.71,16.69,"Delta","ui","alta","success"
7.83,10.32,106,3,82.25,15.79,"Beta","payments","baja","success"
5.09,6.86,123,2,61.13,16.21,"Alpha","ui","media","success"
14.57,5.2,101,6,96.88,25.87,"Gamma","auth","baja","success"
5.88,5.94,100,0,73.1,24.75,"Beta","api","alta","success"
12.01,7.57,103,2,57.4,12.61,"Gamma","database","media","success"
13,4.13,126,3,68.77,5.16,"Gamma","auth","baja","success"
14.26,10.02,128,2,65.65,7.95,"Beta","payments","alta","failed"
12.76,9.43,141,2,92.1,9.17,"Gamma","database","baja","success"
9.07,10.11,123,4,54.9,13.14,"Gamma","api","baja","rolled_back"
15.95,11.86,122,1,85.55,15.85,"Gamma","database","baja","success"
18.95,10.47,133,0,92.6,4.97,"Gamma","auth","media","rolled_back"
15.52,11.62,116,0,96.65,3.42,"Gamma","database","alta","success"
4.23,7.12,108,2,63.98,13.27,"Delta","ui","baja","success"
17.6,10.9,123,3,99.9,12.29,"Gamma","payments","media","success"
11.78,4.62,102,2,96.36,22.37,"Delta","database","baja","success"
14.1,9.53,114,2,91.74,21.87,"Delta","auth","baja","success"
14.49,12.14,108,1,87,23.53,"Gamma","auth","baja","success"
11.61,13.14,92,2,58.28,7.08,"Alpha","api","crítica","rolled_back"
11.7,8.73,134,3,73.68,9.6,"Beta","api","baja","success"
16.08,9.91,117,2,80.9,6.9,"Beta","ui","baja","rolled_back"
14.85,5.3,119,1,96.25,8.12,"Alpha","ui","alta","success"
15.96,4.17,143,1,78.13,5.38,"Beta","api","baja","failed"
21.53,7.97,128,1,80.93,2.87,"Alpha","payments","media","success"
14.66,8.73,125,1,71.64,12.34,"Alpha","database","baja","success"
12.83,7.67,116,2,87.93,7.82,"Delta","database","baja","failed"
3.16,5.99,127,3,83.41,20.83,"Gamma","database","media","success"
22.77,4.94,106,2,73.63,8.14,"Gamma","payments","media","success"
10.07,10.35,123,0,75.09,19.76,"Beta","database","alta","success"
21.5,10.51,102,2,100,8.97,"Alpha","auth","baja","failed"
13.5,7.6,132,3,78.02,12.86,"Alpha","database","baja","success"
18.15,12.2,103,0,68.83,16.6,"Beta","payments","alta","success"
11.56,8.04,129,4,76.91,9.57,"Alpha","payments","alta","failed"
14.05,10.44,115,2,72.37,14.83,"Alpha","ui","alta","failed"
12.86,6.32,138,2,74.18,8.08,"Gamma","payments","media","failed"
11.26,9.51,116,4,69.57,9.11,"Delta","payments","baja","success"
11.52,9.65,131,2,58.48,15.73,"Beta","api","media","success"
16.05,8.72,136,1,96.67,9.82,"Alpha","database","media","success"
11.19,10.73,115,2,91.33,5.65,"Gamma","database","media","success"
3.85,7.67,120,0,87.29,20.69,"Beta","database","alta","success"
11.22,2.98,141,2,84.09,5,"Beta","payments","baja","success"
14.16,7.16,119,3,72.96,7.01,"Beta","payments","baja","success"
14.47,9.9,130,5,71.66,7.16,"Beta","database","alta","success"
14.47,3.31,135,0,60.9,16.75,"Gamma","database","alta","failed"
5.23,3.71,100,1,98.8,6.7,"Beta","database","baja","success"
13.47,8.06,110,1,97.93,12.89,"Gamma","api","alta","success"
15.87,8.3,112,4,67.76,9.84,"Gamma","auth","baja","success"
17.11,11.05,121,4,81.23,18.23,"Beta","auth","media","success"
11.1,7.85,138,1,67.67,6.2,"Beta","ui","alta","success"
10.71,9.27,123,1,59.79,5.01,"Beta","database","crítica","failed"
17.95,8.68,135,0,77.8,11.64,"Alpha","payments","baja","success"
5.33,9.86,117,0,69.79,7.42,"Delta","database","media","failed"
10.25,10.29,127,2,79.92,23.49,"Gamma","ui","baja","rolled_back"
13.83,4.67,131,2,74.83,15.45,"Alpha","auth","media","success"
5.53,6.29,133,4,86.14,18.73,"Gamma","api","crítica","success"
13.12,10.3,125,2,81.26,11.62,"Beta","database","media","success"
19.51,2.58,111,1,93.49,7.82,"Alpha","api","crítica","success"
11.98,1.58,135,2,67.39,7.79,"Beta","ui","media","failed"
10.89,8.34,125,2,68.15,13.34,"Alpha","ui","baja","failed"
13.9,8.08,101,2,77.07,7.26,"Beta","api","baja","success"
10.88,7.13,121,2,92.8,21.38,"Gamma","auth","crítica","success"
15.25,10.12,113,2,66.18,5.56,"Beta","auth","baja","failed"
15.62,10.98,128,2,83.63,26.99,"Alpha","auth","media","success"
12.01,10.48,133,4,65.7,29.88,"Delta","ui","media","success"
7.29,7.56,101,5,89.44,13.12,"Beta","api","baja","success"
6.73,7.93,134,3,70.74,19.65,"Delta","api","media","success"
9.63,8.76,128,0,77.55,7.79,"Delta","ui","media","success"
15.19,2.68,126,3,100,8.64,"Delta","database","media","success"
4.17,5.49,106,0,80.77,19.27,"Beta","api","crítica","success"
4.45,9.99,135,1,63.35,2.48,"Gamma","auth","media","success"
9.38,8.62,126,3,85.92,7.58,"Alpha","ui","alta","success"
13.58,4.74,103,0,76.29,11.51,"Delta","payments","alta","success"
8.35,11.22,129,1,76.02,12.8,"Gamma","payments","crítica","success"
15.55,9.22,102,2,64.85,6.04,"Beta","auth","alta","success"
13.33,6.49,107,1,54.04,4.63,"Gamma","payments","media","success"
11.32,8.03,123,0,60.02,11.32,"Beta","auth","alta","success"
15.28,8.17,106,4,86.73,17.31,"Beta","api","media","failed"
13.55,7.26,130,4,84.1,13.95,"Alpha","ui","media","success"
10.22,7.54,123,4,72.44,18.56,"Beta","ui","baja","failed"
12.92,7.63,123,1,62.93,13.17,"Beta","database","media","success"
14.59,9.65,116,1,74.75,7.16,"Gamma","ui","alta","success"
13.43,10.5,102,2,64.4,5.65,"Alpha","api","baja","success"
9.37,9.38,149,1,74.01,8.45,"Gamma","database","media","success"
15.42,12.36,124,5,44.9,5.88,"Delta","ui","alta","success"
16.61,9.55,118,1,96.68,8.74,"Beta","ui","media","success"
13.11,8.81,124,2,80.06,16.55,"Gamma","ui","alta","success"
12.58,10.1,100,2,98.79,10.49,"Beta","database","baja","rolled_back"
11.7,7.66,120,0,84.31,13.49,"Delta","ui","media","success"
20.65,9.83,128,2,69.35,24.03,"Delta","api","baja","rolled_back"
13.11,13.01,134,3,69.99,18.46,"Alpha","api","alta","success"
11.37,7.48,126,1,83.86,9.75,"Beta","api","alta","success"
1.97,10.59,130,0,84.36,11.93,"Alpha","database","alta","success"
5.74,8.06,136,4,90.5,2.54,"Gamma","payments","media","success"
11.69,6.13,123,4,53.42,8.78,"Gamma","api","alta","failed"
12.83,10.83,119,2,89.56,13.03,"Beta","api","media","success"
13.11,9.15,125,5,66.2,8.05,"Alpha","payments","alta","success"
15.29,7.21,125,2,59.77,4.49,"Alpha","database","media","success"
11.22,12.4,121,0,88.66,13.34,"Alpha","api","baja","success"
16.86,3.36,113,1,80.98,10.18,"Gamma","ui","media","success"
8.31,7.84,116,1,77.79,9.52,"Beta","auth","media","success"
7.17,7.48,113,4,80.09,2.76,"Beta","database","baja","success"
7.08,7.67,113,2,52.09,9.22,"Delta","api","media","success"
14.97,8.3,117,0,74.01,9.35,"Beta","ui","alta","success"
11.67,12.65,122,2,79.89,8.32,"Alpha","ui","alta","success"
15.16,2.81,149,1,92.15,2.12,"Gamma","api","media","success"
10.93,10.59,130,3,66.59,21.53,"Delta","ui","media","success"
9.63,6.1,123,0,78.6,0.97,"Alpha","ui","media","success"
10.53,10.36,102,2,64.68,16.68,"Delta","api","alta","success"
4.59,6.88,133,2,75.23,6.62,"Gamma","auth","baja","success"
7.32,10.15,132,1,89,19.27,"Beta","api","media","success"
6.23,7.45,131,4,96.14,23.26,"Beta","ui","baja","success"
16.22,6.47,110,2,52.55,17.69,"Delta","database","media","failed"
9.61,4.93,107,2,71.39,9.02,"Gamma","ui","media","failed"
15.16,5.51,119,3,100,14.52,"Delta","auth","baja","success"
18.07,7.09,122,6,67.13,14,"Alpha","database","media","success"
11.23,7.9,125,1,81.96,11.52,"Beta","ui","alta","success"
13.14,9.29,100,3,69.19,6.87,"Beta","api","alta","success"
5,7.81,121,1,63.68,16.65,"Delta","payments","alta","success"
8.73,11.08,126,3,77.53,8.64,"Alpha","api","baja","success"
12.22,4.9,125,3,76.53,9.53,"Alpha","api","media","success"
13.2,9.39,113,2,93.16,16.99,"Beta","auth","baja","success"
8.96,10.29,119,3,67.62,18.63,"Gamma","api","alta","success"
22.74,9.28,120,3,86.38,22,"Gamma","api","alta","success"
10.17,7.68,117,1,65.17,4.48,"Alpha","api","baja","failed"
12.26,6.74,125,3,73.11,1.84,"Alpha","database","crítica","success"
14.6,4.48,134,4,77.61,15.08,"Beta","ui","media","success"
11.9,4.14,132,3,61.9,11.34,"Beta","database","baja","success"
9.43,9.75,111,1,81.15,7.68,"Delta","payments","baja","success"
16.18,7.2,114,1,95.59,2.35,"Beta","payments","baja","success"
18.46,4.21,106,1,74.35,8,"Alpha","payments","media","success"
11.88,9.29,123,3,91.32,11.66,"Alpha","api","media","success"
14.25,9.97,129,2,80.86,23.84,"Gamma","api","alta","success"
11.61,2.62,114,2,67.07,5.64,"Alpha","database","baja","success"
16.07,12.6,129,2,97.18,5.35,"Alpha","database","media","failed"
7.38,11.09,128,2,74.93,24.2,"Alpha","database","baja","success"
21.28,4.83,121,1,74.06,26.06,"Gamma","auth","alta","success"
9.59,5.99,113,1,86.87,16.82,"Gamma","database","alta","success"
6.16,8.52,98,1,79.25,10.01,"Delta","auth","alta","success"
10.6,8.91,122,1,77.87,3.43,"Delta","api","crítica","rolled_back"
12.59,5.02,111,4,89.76,4.78,"Alpha","auth","media","success"
18.49,6.41,113,4,84.82,8.87,"Alpha","api","alta","success"
15.64,15.71,114,1,95.97,8.83,"Beta","ui","alta","failed"
12.57,10.34,111,0,76.24,21.95,"Alpha","payments","media","success"
6.44,11.48,109,1,85.62,1.97,"Alpha","payments","alta","success"
8.54,6.02,115,2,79.19,23.5,"Beta","payments","alta","success"
11.35,7.23,114,2,81.17,26.69,"Beta","payments","baja","success"
22.21,4.62,109,0,73.88,8.21,"Alpha","payments","baja","success"
4.56,8.91,111,2,100,17.96,"Beta","payments","alta","success"
16.52,7.87,117,3,65.93,6.85,"Delta","auth","baja","success"
9.89,13.78,118,1,75.95,2.76,"Delta","ui","media","failed"
18.66,7.2,113,2,64.5,24,"Delta","database","alta","success"
7.44,8.03,115,1,65.5,16.22,"Alpha","auth","media","success"
12.57,5.65,129,3,64.81,25.16,"Beta","ui","alta","success"
7.6,8.58,134,1,70.75,10.93,"Beta","ui","media","success"
15.61,6.04,128,4,72.96,11.95,"Alpha","auth","baja","failed"
17.94,5.4,133,1,66.93,11.13,"Gamma","api","media","failed"
19.8,7.74,111,3,69.03,24.69,"Beta","api","crítica","success"
15.19,5.74,113,3,74.57,18.85,"Alpha","auth","alta","success"
19.37,5.84,118,2,66.3,12.32,"Delta","auth","alta","success"
16.99,9.27,124,5,96.23,34.39,"Gamma","ui","alta","success"
11.47,10.72,105,1,82.56,25.28,"Delta","api","crítica","success"
13.91,10.17,129,3,70.27,31.29,"Alpha","database","alta","success"
8.11,7.99,127,1,73.75,6.4,"Gamma","payments","media","success"
11.26,8.23,127,1,64.7,19.12,"Alpha","payments","media","success"
16.88,6.11,114,0,100,23.18,"Delta","ui","media","success"
14.17,8.74,106,4,77.5,10.95,"Delta","payments","baja","success"
13.83,10.5,92,2,86.68,8.51,"Gamma","api","baja","success"
7.85,5.57,99,2,74.51,13.49,"Beta","auth","media","success"
9.58,10.5,123,1,97.6,27.74,"Beta","api","media","success"
8.94,6.38,119,2,77.6,8.64,"Alpha","database","crítica","success"
13.58,9.08,126,3,70.93,5.7,"Beta","auth","baja","success"
8.04,4.53,114,0,74.6,6.41,"Gamma","api","media","rolled_back"
14.25,8.43,117,0,79.73,31.27,"Beta","auth","media","success"
7.53,11.28,114,2,75.8,15.29,"Delta","payments","alta","success"
19.31,7.8,135,2,85.5,17.63,"Gamma","api","media","success"
13.84,4.04,140,1,92.98,11.69,"Delta","database","baja","success"
9.2,12.08,114,1,63.08,16.61,"Gamma","auth","baja","success"
12.96,5.95,111,3,79.65,24.01,"Delta","auth","alta","success"
10.59,5.55,91,3,75.06,9.78,"Beta","api","baja","success"
13.48,6.46,101,3,70.69,8.57,"Beta","ui","alta","success"
12.97,5.51,118,3,76.06,10.12,"Delta","auth","alta","rolled_back"
7.94,8.49,126,4,82.1,16.63,"Beta","api","alta","rolled_back"
8.83,8.83,126,1,79.57,12.41,"Alpha","api","alta","failed"
13.2,7.1,113,1,76.31,10.41,"Gamma","auth","alta","success"
18.56,10.06,125,0,59.88,17.57,"Gamma","ui","media","success"
16.34,9.11,117,0,84.46,12.99,"Alpha","auth","baja","failed"
9.5,4.8,140,0,84.97,12.32,"Beta","database","crítica","rolled_back"
15.3,9.65,118,1,84.04,39.33,"Beta","api","baja","success"
11.81,4.75,126,2,83.17,39.29,"Delta","ui","alta","success"
13.21,7.79,127,1,72.57,5.24,"Delta","ui","crítica","success"
13.04,7.32,116,1,84.63,4.97,"Gamma","payments","media","success"
22.3,6,130,1,100,11.72,"Gamma","api","crítica","success"
7.26,10.82,115,2,73.01,7.59,"Alpha","auth","alta","success"
12.4,8.06,116,2,85.81,13.69,"Delta","api","baja","success"
4.88,9.3,107,2,76.39,18.35,"Delta","database","baja","failed"
14.36,7.89,107,6,75.18,3.37,"Gamma","payments","media","success"
16.39,5.79,120,3,82.03,16.65,"Beta","api","media","failed"
17.78,9.45,106,0,90.07,12.33,"Alpha","payments","alta","success"
4.3,6.01,111,1,78.19,6.9,"Alpha","ui","media","success"
13.65,10.12,105,2,65.24,3.57,"Alpha","ui","media","failed"
18.37,14.04,117,2,66.99,7.74,"Delta","ui","alta","success"
10.34,8.86,110,2,76.26,16.81,"Alpha","database","alta","success"
11.15,9.69,128,4,59.85,8.58,"Beta","ui","crítica","success"
11.85,9.09,117,2,98.61,11.44,"Beta","database","alta","success"
13.46,11.13,137,1,99.91,7.38,"Delta","api","media","failed"
14.66,4.88,122,1,85.75,35.14,"Gamma","payments","alta","success"
17.27,5.61,103,0,71.81,6.87,"Beta","payments","media","success"
11.62,8.18,127,1,64.34,15.05,"Gamma","ui","crítica","success"
12.79,7.85,126,1,98.45,5.08,"Alpha","ui","crítica","rolled_back"
21.95,5.12,154,4,80.83,22.17,"Alpha","ui","alta","success"
13.72,3.62,102,5,77.38,9.94,"Beta","payments","media","success"
12.76,6.82,122,2,76.55,11.14,"Gamma","ui","alta","success"
6.63,12.11,124,1,63.69,10.78,"Beta","database","alta","success"
12.01,13.61,131,3,66.71,8.39,"Beta","ui","alta","success"
11.11,10.09,108,0,65.91,15.49,"Alpha","auth","baja","success"
11.96,3.95,115,0,63.26,4.22,"Gamma","payments","baja","success"
9.7,9.87,135,1,82.9,2.92,"Alpha","api","media","success"
9.25,6.65,124,2,87.57,18.93,"Delta","api","alta","success"
9.12,8.32,92,1,61.81,4.89,"Delta","ui","baja","success"
11.14,9.69,133,0,66.35,6.58,"Delta","database","media","success"
17.47,12.15,107,2,69.34,12.94,"Beta","api","media","success"
16.2,8.34,122,2,70.19,9.11,"Beta","ui","crítica","success"
10.56,6.24,135,0,78.73,16.17,"Beta","api","media","failed"
5.26,9.91,129,1,68.81,11.18,"Gamma","api","alta","success"
8.62,10.05,120,2,84.34,17.24,"Delta","api","baja","success"
10.17,10.26,113,4,69.74,15.32,"Delta","database","baja","success"
12.41,10.86,127,2,76.45,25.08,"Beta","auth","media","success"
9.35,8.72,108,2,87.28,9.23,"Beta","auth","media","success"
20.03,5.64,134,0,87.34,23.61,"Alpha","database","baja","success"
10.91,8.33,98,4,68.99,5.71,"Alpha","ui","alta","success"
7.14,3.59,125,1,82.66,13.9,"Gamma","ui","alta","success"
11.43,10.88,118,4,59.03,11.59,"Alpha","ui","media","success"
7.98,9.26,109,3,81.13,23.98,"Beta","payments","media","success"
12.62,9.76,111,3,77.59,11.3,"Beta","auth","baja","success"
12.93,8.4,111,0,81.91,23.47,"Gamma","auth","media","success"
13.42,2.02,133,2,77.53,12.48,"Beta","api","alta","success"
5.51,6.48,111,0,52.36,14.79,"Beta","auth","baja","success"
12.88,10.36,94,2,83.06,1.43,"Beta","database","alta","success"
13.24,7.32,120,2,62.97,25.53,"Beta","payments","baja","success"
6.32,10.09,138,0,76.06,7.78,"Gamma","ui","alta","success"
15.82,5.66,133,2,70.33,15.4,"Beta","database","alta","success"
15.14,8.65,131,2,80.97,42.47,"Alpha","database","baja","success"
21.2,6.63,108,1,86.64,9.28,"Beta","auth","media","success"
12.63,6.38,125,2,69.99,22.01,"Alpha","auth","baja","success"
12.19,7.54,97,3,72.41,27.54,"Delta","ui","media","success"
12.39,12.29,109,2,63.89,10.68,"Alpha","auth","baja","success"
12.28,8.43,102,3,55.84,10.39,"Alpha","database","media","success"
4.61,8.56,125,0,63.66,5.51,"Alpha","payments","crítica","success"
5.32,11.98,116,2,71.93,11.7,"Alpha","payments","alta","failed"
11.69,7.28,100,1,73.07,11.52,"Gamma","ui","media","success"
9.68,9.29,140,4,87.57,15.38,"Delta","ui","media","success"
12.22,6.19,119,2,73.63,9.32,"Alpha","ui","alta","success"
3.56,10.12,125,1,66.63,15.88,"Gamma","auth","baja","success"
6.01,4.63,114,2,73.59,6.27,"Alpha","api","alta","success"
7.59,7.86,115,0,76.44,4.67,"Delta","api","media","rolled_back"
15.94,10.82,118,2,81.29,9.15,"Delta","payments","crítica","success"
7.61,11.35,126,5,88.48,10.24,"Beta","auth","baja","success"
8.8,7.78,100,5,89.74,4.23,"Alpha","api","baja","success"
12.32,2.03,114,1,86.29,14.55,"Alpha","database","crítica","success"
10.71,12.11,123,0,51.29,6.12,"Beta","payments","media","success"
12.59,6.44,110,0,61.88,5.3,"Delta","auth","baja","success"
21.22,9.8,104,1,77.23,11.7,"Beta","api","media","success"
7.5,3.76,137,5,68.67,9.6,"Alpha","auth","alta","success"
10.78,6.88,113,3,64.76,5.1,"Alpha","payments","alta","success"
9.93,12.08,107,4,69.44,21.95,"Gamma","api","baja","success"
18.05,8.86,138,2,85.31,7.44,"Alpha","auth","media","success"
8.92,8.86,130,1,83.8,7.36,"Delta","auth","baja","success"
11.67,10.24,115,1,92.05,14.86,"Gamma","payments","baja","success"
15.15,4.59,108,1,77.83,6.81,"Alpha","api","baja","success"
7.77,8.08,137,0,62.32,20.73,"Gamma","database","media","rolled_back"
18.62,9.19,126,4,96.98,16.27,"Alpha","api","baja","success"
14.7,10.83,122,2,68.9,13.05,"Gamma","payments","alta","success"
7.7,5.98,149,2,79.71,7.56,"Gamma","ui","media","success"
13.82,8.59,132,2,77.77,10.8,"Alpha","payments","alta","success"
11.15,9.67,114,4,82.05,7.89,"Gamma","api","baja","failed"
13.25,17.29,123,0,64.68,9.6,"Alpha","auth","media","success"
11.64,11.97,122,5,59.94,20.75,"Gamma","payments","baja","success"
16.28,2.07,111,1,84.9,30.94,"Alpha","auth","alta","failed"
6.6,8.04,106,4,72.91,5.15,"Gamma","ui","media","success"
9.91,8.48,104,2,55.52,26.21,"Alpha","database","baja","success"
11,10.05,134,3,62.61,22.67,"Alpha","database","media","success"
8.02,6.25,117,1,84.17,21.85,"Beta","auth","crítica","success"
7.84,10.49,125,2,77.52,4.84,"Gamma","database","media","rolled_back"
11.93,6.27,91,3,67.04,5,"Alpha","database","alta","success"
11.47,7.74,121,1,85.38,19.76,"Beta","ui","crítica","success"
1.8,9.51,98,3,80.48,18.2,"Delta","payments","alta","success"
16.16,6.48,117,2,78.22,5.89,"Gamma","payments","baja","failed"
13,8.21,125,2,94.11,21.92,"Gamma","database","baja","success"
21.66,11.94,113,1,70.42,9.32,"Gamma","payments","media","success"
14.74,6.84,111,2,79.89,9.67,"Delta","ui","crítica","success"
10.21,5.1,140,2,96.35,11.1,"Alpha","ui","media","failed"
23.19,9.81,111,2,75.73,9.76,"Beta","payments","alta","success"
23.33,6.04,108,1,100,12.63,"Gamma","ui","baja","rolled_back"
7.13,7.33,130,3,80.4,13,"Alpha","auth","media","success"
13.88,9.27,115,2,81.16,7.44,"Alpha","auth","alta","success"
11.16,9.15,132,0,96.55,26.92,"Beta","ui","alta","success"
12.75,10.95,123,2,78.42,10.26,"Beta","payments","alta","success"
12.91,6.3,115,1,65.35,13.7,"Alpha","database","media","success"
6.95,7.2,138,0,58.29,27.04,"Delta","payments","baja","success"
13.14,6.35,113,1,72.17,9.1,"Beta","payments","crítica","success"
19,7.59,129,4,68.32,3.38,"Gamma","database","media","success"
11.34,12.97,120,3,69.41,2.67,"Alpha","database","crítica","rolled_back"
11.35,7.85,132,0,91.89,11.2,"Gamma","payments","media","success"
17.59,7.93,138,7,90.64,19.55,"Beta","api","media","success"
15.59,9.28,117,2,82.29,8.11,"Gamma","auth","media","success"
5.41,4.96,118,3,81.73,28.49,"Alpha","api","baja","success"
12.91,10.38,126,0,61.3,11.74,"Beta","database","media","success"
18.61,7.85,125,3,96.66,11.66,"Alpha","payments","alta","success"
17.66,6.24,109,2,79.5,6.73,"Gamma","payments","alta","success"
13.68,8.94,127,0,63.99,16.17,"Beta","auth","media","success"
14.88,7.54,124,2,94.67,13.58,"Delta","ui","baja","success"
7.21,7.62,137,0,97.19,16.94,"Beta","api","alta","success"
13.2,7.71,130,4,93.58,4.76,"Beta","api","alta","success"
8.18,11.87,125,1,83.55,27.54,"Gamma","api","baja","success"
10.17,6.62,98,3,65.93,18.12,"Delta","auth","crítica","success"
15.74,10.39,125,2,61.4,36.13,"Delta","payments","media","success"
7.45,8.41,125,0,96.62,7.9,"Beta","api","alta","success"
13.07,7.31,110,1,82.71,29.63,"Alpha","database","crítica","success"
13.71,6.39,122,1,73.79,11.33,"Gamma","ui","media","success"
12.22,7.08,115,3,69.63,3.06,"Beta","payments","media","success"
19.29,7.31,98,0,90.22,10.6,"Alpha","payments","crítica","success"
7.91,10.73,134,2,66.97,11.13,"Gamma","ui","baja","success"
14.42,6.05,137,4,90.37,1.6,"Alpha","api","alta","success"
11.64,12.11,116,0,91.02,11.89,"Gamma","payments","baja","failed"
10.96,7.57,115,5,75.49,16.41,"Delta","auth","alta","success"
13.86,6.37,117,1,83.83,6.15,"Delta","api","baja","rolled_back"
7.92,6.23,120,5,92.31,5.81,"Alpha","database","baja","success"
6.75,8.47,113,1,83.62,23.83,"Beta","api","alta","success"
10.02,12.37,116,3,79.12,24.85,"Beta","api","media","failed"
19.01,7.44,124,2,62.13,10.66,"Alpha","database","media","success"
12.22,7.76,111,1,71.54,4.63,"Beta","auth","baja","success"
13.33,8.51,112,4,85.6,15.97,"Delta","auth","media","success"
11.24,8.16,112,4,69.35,22.95,"Alpha","api","media","success"
13.88,6.15,115,1,95.4,9.31,"Delta","payments","alta","success"
8.19,10.47,126,2,100,12.89,"Beta","ui","media","failed"
16.63,4.92,140,4,74.81,9.68,"Alpha","payments","alta","success"
14.34,5.55,126,3,82.68,12.86,"Alpha","ui","media","failed"
8.77,6.96,119,1,82.51,7.74,"Delta","database","alta","success"
12.22,7.3,105,4,76.79,14.97,"Beta","auth","media","rolled_back"
14.87,10.64,112,1,79.96,3.17,"Beta","api","alta","success"
14.23,6.44,134,5,74.59,16.72,"Gamma","api","baja","success"
17.93,7.55,142,2,65.05,17.32,"Alpha","database","alta","success"
9.55,7.17,109,4,93.02,5.02,"Gamma","payments","media","success"
16.46,12.01,138,2,84.57,2.53,"Delta","api","media","success"
16.15,11.62,117,0,70.07,5.1,"Alpha","auth","baja","success"
11.35,5.35,130,6,78.87,9.22,"Beta","ui","baja","success"
8.1,9.09,128,2,84.4,18.48,"Delta","auth","alta","success"
7.64,4.76,119,0,57.04,8.25,"Gamma","api","baja","success"
13.83,5.93,110,0,79.31,4.32,"Gamma","payments","alta","success"
11.72,6.55,120,2,63.14,9.58,"Alpha","ui","baja","success"
19.12,5.88,107,3,72.61,8.52,"Beta","database","alta","success"
14.14,8.57,128,4,58.85,22.92,"Alpha","auth","media","failed"
10.51,7.22,128,2,58.44,14.39,"Delta","auth","media","success"
7.9,8.77,124,2,52.11,6.2,"Delta","auth","baja","rolled_back"
9.67,11.07,113,1,85.77,15.44,"Alpha","api","media","success"
13.37,10.93,117,2,100,24.48,"Gamma","database","media","success"
10.2,2.82,108,1,92,10.61,"Gamma","ui","baja","success"
14.06,7.36,134,3,66.81,3.64,"Beta","auth","baja","success"
10.66,9.19,129,4,69.61,10.26,"Beta","payments","alta","success"
11.58,10.91,122,1,92.71,5.75,"Beta","ui","baja","failed"
9.08,6.57,105,1,53.87,7.3,"Gamma","database","alta","success"
19.62,8.32,104,2,71.12,5.04,"Gamma","auth","alta","success"
13.33,12.08,126,4,75.27,13.56,"Alpha","api","alta","failed"
12.92,8.5,128,5,57.91,10.87,"Alpha","payments","media","success"
5.23,12.69,121,1,96.49,9.86,"Gamma","auth","media","success"
14.64,2.46,127,2,83.06,2.24,"Gamma","auth","alta","failed"
7.91,13.08,121,3,92.28,9.93,"Gamma","api","crítica","success"
8.43,2.06,132,2,73.89,6.83,"Alpha","api","crítica","success"
15.67,10.83,126,3,79.26,12.14,"Alpha","database","baja","success"
10.19,10.66,127,0,81.26,5.38,"Gamma","auth","baja","failed"
5.01,7.05,127,0,95.68,23.7,"Delta","database","alta","success"
19.08,7.17,116,1,96.93,21.47,"Alpha","payments","crítica","success"
2.49,8.89,115,2,70.53,5.11,"Beta","ui","alta","success"
14.29,8.42,124,1,91.21,4.27,"Delta","payments","media","success"
16.07,8.6,109,4,83.77,25.58,"Alpha","ui","alta","success"
9.48,11.29,123,1,88.16,2.16,"Beta","database","baja","success"
13.78,8.57,120,4,61.12,14.21,"Beta","payments","baja","failed"
13.76,2.84,136,2,74.77,10.64,"Beta","auth","alta","success"
16.16,9.04,140,1,94.4,6.18,"Gamma","api","media","success"
13.94,7.19,148,3,79.65,3.44,"Delta","payments","media","success"
11.02,10.11,127,4,79.04,8.46,"Delta","api","alta","success"
15.66,5.81,127,0,70.57,8.4,"Delta","database","media","failed"
15.2,7.37,121,3,91,2.84,"Gamma","auth","baja","success"
8.25,4.16,120,1,78.64,7.53,"Gamma","api","baja","success"
6.4,4.29,124,3,79.98,21.27,"Gamma","ui","media","success"
12.64,3.64,116,0,69.09,13.38,"Delta","auth","media","success"
10.9,8.06,118,1,92.17,11.07,"Delta","payments","alta","success"
8.06,1.15,112,2,78.42,14.16,"Alpha","auth","baja","success"
12.34,11.14,123,0,91.91,28.15,"Alpha","database","crítica","success"
6.72,6.37,128,4,77.04,12.05,"Gamma","api","media","success"
12.64,8.04,106,1,78.75,9.26,"Gamma","payments","media","success"
9.5,11,100,2,80.22,16.56,"Gamma","database","alta","success"
15.83,8.75,118,1,72.37,14.42,"Beta","database","alta","success"
21.7,9.05,134,2,54.78,2.62,"Delta","database","alta","failed"
8.34,6.41,131,5,68.86,8.17,"Gamma","payments","media","success"
16.23,4.76,128,1,67.73,8.75,"Gamma","api","media","success"
15.3,9.6,141,3,74.69,20.4,"Gamma","auth","alta","success"
11.72,7.49,139,0,66.77,0.77,"Delta","auth","media","failed"
10.19,8,116,2,75.99,5.82,"Delta","ui","media","success"
18.3,5.94,105,2,77.03,18.88,"Gamma","api","alta","success"
3.98,6.61,122,3,97.35,6.56,"Beta","database","crítica","success"
9.43,2.27,131,0,75.55,9.34,"Delta","auth","alta","success"
6.25,3.87,115,1,100,3.95,"Beta","database","media","success"
17.58,4.07,91,1,78.99,11.88,"Alpha","database","alta","success"
11.24,7.55,121,2,79.02,19.24,"Beta","auth","media","success"
9.9,5.33,101,2,83.51,12.9,"Beta","payments","baja","success"
24.74,8.97,109,2,79.18,8.42,"Alpha","database","crítica","rolled_back"
11.8,8.09,103,2,66.99,11.47,"Delta","ui","alta","success"
10.23,6.75,123,3,82.96,3.19,"Delta","api","media","failed"
13.2,3.99,119,2,90.65,9.92,"Delta","ui","media","success"
5.73,6.32,125,3,84.28,13.06,"Beta","payments","crítica","success"
13.96,10.23,113,3,78.88,17.73,"Alpha","payments","baja","success"
11.62,9.19,130,1,68.4,3.95,"Alpha","auth","baja","success"
13.87,7.22,114,2,89.96,3.65,"Beta","auth","alta","success"
8.07,2.39,106,0,82.91,6.56,"Delta","database","media","success"
7.91,6.78,135,2,73.57,14.17,"Beta","ui","media","failed"
9.23,0.69,128,1,70.64,26.84,"Beta","payments","alta","success"
8.93,12.43,122,1,75.31,20.52,"Gamma","database","baja","success"
17.2,8.08,123,2,86.97,17.49,"Gamma","api","media","success"
18.32,11.15,115,0,72.88,9.72,"Beta","database","alta","success"
11.37,7.57,104,4,88.19,32.18,"Delta","ui","baja","rolled_back"
10.56,13.19,111,2,63.13,16.84,"Beta","payments","alta","success"
10.68,5.75,108,1,88.55,5.07,"Gamma","database","media","success"
12.28,10.09,127,1,77.02,11.11,"Beta","ui","media","success"
12.39,7.97,129,3,94.39,2.86,"Beta","ui","crítica","success"
13.16,9.82,118,3,83.31,12.86,"Gamma","api","alta","success"
9.01,4.69,131,1,85.59,15.91,"Delta","payments","media","success"
8.61,13.6,130,0,59.09,8.28,"Beta","payments","media","success"
16.79,8.76,124,2,75.49,15.69,"Alpha","api","media","rolled_back"
9.81,6.76,105,3,77.28,8.23,"Delta","ui","alta","success"
13.21,5.03,139,1,58.11,19.35,"Gamma","ui","media","success"
11.77,4.19,137,1,61.55,10.56,"Gamma","auth","media","success"
8.17,3.46,114,4,79.03,4.29,"Delta","auth","media","success"
14.36,3.71,102,4,63,3.56,"Alpha","payments","media","success"
12.69,8.1,111,1,70.14,3.17,"Beta","api","media","success"
17.6,10.8,122,1,86.66,7.19,"Delta","database","media","success"
12.47,8.88,127,4,87.38,7.76,"Beta","database","media","success"
10.67,3.17,125,2,73.23,5,"Delta","auth","baja","failed"
13.11,8.21,115,1,77.49,10.37,"Gamma","api","media","success"
7.26,11.75,101,1,88.82,3.62,"Delta","database","alta","success"
8.66,10.54,119,3,68.26,32.83,"Alpha","payments","crítica","success"
14.04,12.61,115,1,73.27,33.36,"Alpha","ui","alta","success"
10.67,9.05,109,3,92.78,17.76,"Alpha","ui","baja","success"
11.74,0.5,130,5,79.12,7.93,"Delta","payments","media","success"
11.54,9.61,128,1,61.19,4.6,"Delta","api","baja","rolled_back"
9.4,8.53,135,5,74.19,2.56,"Gamma","auth","alta","success"
3.93,3.7,129,2,59.88,10.59,"Alpha","ui","crítica","success"
13.4,7.67,150,0,69.31,15.36,"Delta","ui","media","failed"
15.05,6.32,114,2,62.71,16.28,"Alpha","payments","alta","success"
6.85,6.89,129,2,66.41,7.65,"Beta","auth","baja","rolled_back"
17.93,9.18,118,2,67.81,4.3,"Delta","api","baja","rolled_back"
13.54,6.52,136,3,72.26,10.03,"Alpha","database","alta","success"
17.37,6.37,132,3,98.33,13.6,"Alpha","payments","media","failed"
8.17,4.36,103,5,79.06,7.95,"Beta","api","baja","success"
12.67,8.43,139,3,56.7,10.77,"Delta","ui","media","success"
11.6,9.38,127,2,54.29,9.37,"Delta","ui","alta","success"
15.07,9.43,125,1,67.31,14.91,"Beta","auth","media","rolled_back"
9.7,10.97,113,4,96.25,21.77,"Gamma","database","baja","success"
11.96,2.09,116,3,98.03,3.5,"Gamma","ui","media","success"
4.89,8.08,125,3,66.62,9.99,"Gamma","auth","baja","success"
8.89,4.66,112,1,87.75,12.82,"Alpha","api","baja","success"
12.5,9.52,108,1,92.77,8.24,"Delta","payments","baja","rolled_back"
9.17,8.2,138,4,64.17,6.78,"Alpha","database","media","success"
11.83,5.33,129,2,56.17,3.13,"Gamma","database","media","rolled_back"
10.13,7.06,124,1,66.03,14.06,"Gamma","payments","baja","success"
14.43,11.51,108,1,69.33,1.04,"Gamma","ui","baja","success"
16.67,6.65,132,1,72.04,12.45,"Beta","ui","alta","success"
8.71,3.69,116,2,100,22.92,"Gamma","auth","alta","success"
10.77,10.72,117,0,78.02,10.77,"Delta","payments","media","failed"
17.76,10.92,128,2,79.83,5.97,"Gamma","ui","media","rolled_back"
3.2,6.48,103,1,76.68,6.54,"Alpha","payments","alta","success"
10.72,12.14,107,2,68.13,8.27,"Gamma","api","baja","success"
20.26,7.58,133,2,66.11,6.44,"Beta","auth","media","success"
20.77,4.81,100,4,95.98,23.4,"Alpha","ui","alta","rolled_back"
12.63,7.23,123,1,74.38,7.99,"Beta","api","alta","success"
8.55,8.64,121,1,82.54,10.24,"Alpha","api","media","success"
12.66,9.41,122,1,63.32,5.68,"Alpha","database","media","failed"
9.39,8.96,139,5,88.11,10.19,"Delta","database","media","failed"
17.81,11.09,119,1,71.76,11.97,"Gamma","database","media","failed"
8.77,8.58,130,3,80.77,0.69,"Beta","api","media","success"
13.49,9.29,113,1,76.4,8.81,"Alpha","ui","baja","success"
14.48,10.56,118,2,53.29,1.49,"Alpha","database","media","success"
8.97,7.58,113,2,93.57,5.5,"Delta","ui","crítica","success"
15.41,6.02,112,1,90.35,25.77,"Alpha","database","alta","success"
9.01,7.29,113,6,68.14,7.6,"Beta","database","alta","failed"
14.52,4.67,118,0,79.86,10.2,"Beta","database","baja","success"
16.39,8.12,129,2,65.39,4.51,"Alpha","database","alta","success"
8.05,9.26,110,0,88.02,20.84,"Delta","api","media","failed"
16.43,5.38,122,2,86.06,8.97,"Alpha","api","media","success"
10.04,5.83,130,2,50.56,13.84,"Delta","payments","alta","failed"
13.18,5.23,109,1,59.77,9.66,"Delta","auth","crítica","success"
12.81,7.9,134,1,67.74,6.38,"Alpha","database","baja","success"
10.29,11.54,104,1,78.96,16.26,"Beta","ui","crítica","failed"
13.07,6.42,131,0,63.8,15.96,"Alpha","auth","baja","success"
7.08,6.43,123,1,85.96,39.11,"Gamma","auth","alta","success"
11.46,7.94,110,4,76.53,5.93,"Alpha","auth","alta","success"
15.3,5.56,127,3,78.52,24.25,"Delta","api","media","success"
3.3,10.54,139,1,67.07,13.25,"Beta","ui","baja","success"
6.05,7.25,126,1,85.2,20.68,"Gamma","auth","crítica","success"
7.35,10.83,130,1,80.1,8.07,"Delta","auth","alta","success"
5.64,9.6,145,1,78.14,13.92,"Gamma","database","media","success"
13.68,9.99,125,1,76.41,7.25,"Gamma","database","media","success"
8.03,4.3,116,0,70.16,4.85,"Beta","database","baja","success"
3.34,3.8,113,3,63.33,9.11,"Alpha","api","media","success"
9.45,8.15,155,0,66.39,16.25,"Alpha","payments","media","success"
10.44,7.1,125,1,51.72,3.23,"Alpha","database","media","failed"
15.43,7.15,132,1,82.53,11.41,"Beta","api","crítica","rolled_back"
7.58,7.74,112,4,87.54,1.86,"Beta","database","crítica","success"
16.65,12,106,1,64.49,8.56,"Delta","api","media","rolled_back"
13.59,6.85,126,2,86.18,10.1,"Alpha","auth","media","success"
13.45,6.46,117,2,68.33,6.71,"Delta","ui","baja","success"
8.59,12.07,149,4,74.27,4.94,"Gamma","auth","media","success"
19.81,8.56,119,2,72.55,7.41,"Alpha","ui","media","success"
11.34,8.61,126,1,46.51,20.15,"Beta","payments","alta","success"
4.7,4.76,133,2,83.65,16.45,"Delta","api","alta","success"
11.18,9.87,125,1,76.56,15.23,"Beta","api","alta","success"
4.26,10.92,134,0,81.84,10.67,"Beta","ui","media","success"
10.76,9.79,109,0,100,9.26,"Delta","database","baja","rolled_back"
10.31,5.13,138,1,79.79,5.67,"Alpha","payments","media","failed"
14.73,11.63,108,1,100,1.54,"Gamma","database","media","success"
16.04,7.26,115,3,83.21,5.73,"Delta","auth","baja","success"
9.1,12.59,142,0,88.67,3.56,"Alpha","ui","baja","success"
15.22,9.16,123,3,67.72,21.38,"Alpha","api","media","success"
17.7,9.04,123,2,84.44,4.65,"Delta","auth","crítica","rolled_back"
8.86,13.02,135,1,69.43,10.92,"Gamma","api","baja","success"
9.39,11.02,132,1,70.29,16.25,"Beta","auth","media","success"
14.6,9.15,119,4,72.5,13.55,"Delta","api","media","success"
12.73,6.03,127,1,79.78,19.51,"Gamma","ui","media","success"
14.2,10.25,127,1,71.08,12.14,"Beta","auth","media","success"
17.62,9.92,127,0,70.4,4.44,"Gamma","payments","crítica","rolled_back"
13.55,6.72,119,3,94.07,14.73,"Gamma","api","baja","failed"
16.21,7.45,112,1,74.42,11.05,"Alpha","ui","crítica","success"
14.49,7.31,122,4,61.34,24.24,"Alpha","api","alta","success"
13.73,3.89,118,0,63.34,20.29,"Delta","ui","alta","success"
13.54,9.7,121,1,63.92,13.59,"Gamma","database","alta","success"
17.17,4.28,121,4,84.67,10.26,"Gamma","database","media","success"
7.99,8.86,104,2,80.86,8.9,"Beta","ui","media","success"
7.58,4.13,130,1,62.79,3.2,"Delta","ui","media","success"
14.37,10.39,143,1,73.35,6.55,"Beta","ui","alta","success"
11.52,10.06,133,1,77.19,14.38,"Alpha","ui","baja","success"
12.3,12.68,114,1,88.86,43.12,"Beta","database","baja","success"
14.97,5.04,133,2,100,14.96,"Beta","auth","alta","success"
15.01,10.39,111,4,89.15,12.16,"Beta","database","media","failed"
10.95,7.46,130,1,67.96,7.75,"Delta","payments","media","success"
10.75,8.54,117,1,75.35,5.77,"Gamma","payments","crítica","success"
12.29,6.96,136,2,52.76,9.63,"Beta","ui","media","success"
16.25,9.04,133,1,57.99,36.25,"Alpha","database","alta","success"
13.7,5.22,122,4,64.82,7.63,"Gamma","auth","media","success"
17.73,5.74,118,1,58.01,3.11,"Beta","api","crítica","success"
11.97,10.05,113,0,77.41,1.35,"Beta","payments","baja","success"
16.5,0.78,131,2,96.71,6.03,"Alpha","auth","baja","success"
15.53,7.32,103,2,73.14,10.33,"Gamma","ui","alta","success"
14.45,6.89,104,1,87.43,17.21,"Gamma","api","alta","success"
13.66,9.87,106,1,86.87,42.68,"Alpha","auth","media","success"
10.88,9.08,111,0,90.45,12.95,"Beta","auth","media","rolled_back"
11.56,4.61,132,2,64.4,5.15,"Delta","api","baja","success"
12.92,11.71,144,1,63.54,7.1,"Delta","database","baja","success"
12.2,10.64,107,2,98.02,19.89,"Delta","auth","baja","failed"
15.77,11.59,127,2,96.43,6.78,"Alpha","database","alta","success"
11.56,5.57,133,0,76.84,13.01,"Alpha","payments","alta","rolled_back"
11.72,12.76,142,1,79.59,14.55,"Beta","auth","media","success"
10.06,11.01,124,0,71.69,18.5,"Delta","database","media","success"
11.45,10.89,103,3,62.83,6.82,"Beta","ui","media","success"
11.72,4.97,119,1,87.42,12.91,"Beta","auth","baja","success"
2.75,7.83,129,2,60.14,2.28,"Gamma","api","media","success"
6.54,8.47,111,5,72.91,6.39,"Gamma","payments","alta","rolled_back"
11.71,4.58,117,1,61.6,8.71,"Gamma","ui","media","success"
10.94,7.5,115,1,87.71,10.71,"Gamma","ui","baja","success"
7.2,9.94,129,1,55.7,7.83,"Gamma","database","baja","success"
4.03,8.79,130,2,65.47,6.85,"Gamma","database","baja","success"
10.58,8.6,105,4,79.66,24.75,"Beta","ui","baja","success"
14.61,11.62,97,3,87.66,26.36,"Alpha","api","baja","success"
19.09,6.11,124,3,54.71,7.76,"Delta","payments","baja","success"
11.85,9.98,132,7,97.8,5.62,"Alpha","ui","alta","success"
17.97,10.67,112,2,94.27,12.07,"Gamma","api","alta","failed"
12.33,4.73,112,6,87.88,14.96,"Delta","auth","baja","success"
12.46,3.02,123,1,81.79,33.49,"Beta","payments","media","success"
13.3,10.4,144,4,73.86,20.84,"Beta","ui","alta","failed"
8.52,7.37,119,1,78.47,4.45,"Gamma","api","alta","success"
11.79,13.99,111,2,71.61,3.11,"Alpha","payments","alta","failed"
15.63,8.8,120,4,76.12,8.35,"Gamma","database","alta","success"
9,7.93,119,1,93.06,10.71,"Delta","payments","baja","success"
10.71,3.67,115,1,72.03,14.73,"Delta","api","alta","success"
7.41,5.98,113,2,69.75,23.97,"Delta","api","alta","success"
13.42,4.55,109,4,86.2,6,"Delta","database","alta","success"
13.7,15.12,147,3,60.97,4.66,"Alpha","payments","alta","success"
14.59,4.8,122,2,78.12,51.24,"Beta","database","baja","success"
7.12,9.55,112,4,87.93,14.71,"Delta","database","media","success"
12.43,11.35,108,2,85.85,25.96,"Beta","auth","media","success"
8.22,7.19,111,2,79.54,10.96,"Beta","payments","baja","failed"
12,8.36,137,1,80.51,11.1,"Delta","database","media","failed"
17.37,5.3,114,1,80.77,29.12,"Beta","payments","crítica","success"
9.99,7.99,127,3,81.41,11.38,"Beta","auth","crítica","success"
14.87,7.1,121,1,84.43,10.73,"Alpha","database","alta","success"
9,6.12,136,2,70.22,7.63,"Beta","database","media","failed"
10.09,9.49,102,1,48.41,6.53,"Beta","payments","media","success"
13.75,5.92,141,2,61.89,27.29,"Gamma","database","media","success"
9.28,4.14,124,7,78.5,3.19,"Beta","ui","baja","success"
5.19,10.06,114,3,75.29,4.46,"Alpha","payments","media","success"
17.06,8.5,123,3,99.26,27.22,"Gamma","database","baja","success"
13.44,3.94,110,3,64,6.52,"Beta","payments","media","success"
9.67,6.24,125,1,70.55,29.61,"Gamma","auth","alta","failed"
4.02,10.13,145,2,60.67,18.69,"Gamma","payments","crítica","success"
19.61,5.51,108,1,79.16,13.65,"Delta","payments","alta","success"
25.56,9.94,112,1,72.54,24.6,"Beta","payments","media","failed"
12.83,7.18,128,4,81.04,20.7,"Alpha","auth","media","success"
15.4,4.46,129,1,99.2,10.76,"Alpha","database","media","success"
16.9,9.18,134,1,73.87,13.14,"Delta","database","media","failed"
9.19,1.78,123,1,76.91,28.91,"Gamma","ui","media","success"
10.6,6.38,130,2,77.96,10.01,"Beta","ui","baja","success"
5.09,7.79,114,1,100,15.66,"Alpha","api","baja","success"
9.05,8.63,108,0,69.96,14.48,"Delta","api","alta","success"
14.49,8.64,111,4,89.87,28.94,"Alpha","auth","baja","success"
10.84,8.29,127,1,84.52,30.9,"Delta","api","media","success"
11.14,11.46,106,1,81.35,18.63,"Alpha","auth","media","success"
11.55,12.29,100,3,81.96,7.36,"Gamma","database","media","success"
4.55,12.58,128,3,98.31,6.89,"Alpha","ui","baja","success"
15.35,4.72,120,4,98.23,22.49,"Delta","ui","media","success"
6.23,5.98,116,5,88.86,3.35,"Gamma","database","media","failed"
11.17,4.85,122,2,50.97,13.39,"Gamma","payments","media","success"
10.25,6.95,100,4,82.36,26.8,"Beta","payments","alta","success"
11.13,8.76,138,0,82.52,13.48,"Gamma","auth","baja","success"
17.84,8.47,107,1,83.12,6.59,"Alpha","ui","media","success"
9.67,7.42,114,2,78.13,4.33,"Alpha","ui","media","rolled_back"
8.87,7.61,108,4,84.23,4.14,"Beta","payments","media","failed"
5.92,6.95,117,2,96.06,14.15,"Delta","ui","media","success"
8.78,5.85,124,0,78.26,10.95,"Alpha","payments","media","success"
7.34,6.17,99,1,83.26,17.75,"Beta","database","baja","rolled_back"
13.63,5.93,112,2,64.96,5.99,"Alpha","auth","media","success"
8.55,6.73,124,1,78.32,16.06,"Delta","payments","media","success"
13.22,4.51,105,1,86.4,28.17,"Delta","payments","baja","success"
11.41,11.08,108,1,90.61,17.47,"Delta","api","crítica","failed"
6.27,12.88,110,3,75.78,18.6,"Beta","api","media","failed"
8.84,4.73,123,5,77.75,7.75,"Gamma","database","baja","success"
15.54,11.14,105,1,52.44,7.94,"Alpha","auth","alta","failed"
15.61,8.28,105,4,93.36,2.87,"Gamma","database","baja","success"
20.02,8.07,117,1,87.4,7.52,"Gamma","ui","media","success"
11.99,8.15,106,1,76.19,23.1,"Alpha","database","baja","failed"
6.02,9.14,110,2,84.85,19.99,"Gamma","api","media","success"
8.93,8.26,119,0,81.85,5.51,"Gamma","api","crítica","success"
13.63,5.85,109,5,79.86,16.87,"Alpha","payments","alta","success"
19.6,8.35,102,1,99.71,5.39,"Delta","api","alta","success"
12.44,10.19,109,2,62.77,21.13,"Gamma","database","media","success"
16.56,7.41,126,1,68.2,8.36,"Beta","ui","baja","failed"
15.07,4.94,118,1,83.16,10.44,"Beta","database","baja","failed"
7.33,3.87,107,1,79.13,16.27,"Delta","ui","alta","success"
11.32,9.56,115,1,70.18,3.7,"Gamma","api","alta","success"
17.22,7.84,114,3,90.1,20.08,"Beta","auth","media","success"
15.5,6.52,118,2,86.6,4.62,"Gamma","api","crítica","success"
13.86,8.56,105,1,92.26,2.15,"Beta","database","baja","success"
13.91,6.26,113,4,66.17,6,"Alpha","payments","baja","success"
10.03,7.79,127,2,54.9,11.7,"Gamma","payments","baja","success"
6.72,8.71,125,3,77.89,19.4,"Alpha","auth","baja","success"
17.18,2.9,107,2,73.81,7.59,"Beta","auth","media","success"
6.32,5.54,123,0,54.23,9.37,"Beta","ui","media","success"
8.24,4.7,118,0,66.27,9.61,"Gamma","auth","media","success"
14.52,4.91,127,2,76.23,6.59,"Beta","api","baja","rolled_back"
6.95,11.88,109,2,53.56,8.63,"Delta","payments","media","failed"
9.79,10.96,135,2,53.71,11.32,"Delta","database","media","success"
7.27,9.91,119,2,88.82,7.78,"Beta","database","media","success"
14.48,7.07,124,3,63.6,11.7,"Beta","api","media","failed"
13.79,10.96,130,1,67.49,22.01,"Gamma","database","alta","success"
13.69,4.95,123,3,82.13,2.04,"Gamma","auth","baja","success"
13.77,3.01,99,1,61.94,18.48,"Delta","auth","media","failed"
14.23,0.43,129,0,68.26,25.09,"Delta","api","baja","success"
14.56,8.57,109,2,87.83,7.49,"Beta","database","alta","success"
4.13,8.09,110,1,68.81,12.09,"Beta","database","baja","success"
11.4,6.02,115,0,87.75,12.27,"Alpha","database","crítica","success"
12.45,9.22,117,4,46.2,10.22,"Delta","api","media","success"
14.9,8.11,110,0,61.16,8.59,"Alpha","ui","alta","success"
7.25,7.24,103,1,87.73,15.71,"Delta","payments","alta","failed"
10,11.19,107,2,84.99,5.41,"Alpha","api","baja","success"
7.71,11.6,117,2,78.02,14.19,"Beta","auth","alta","success"
16.23,10.61,101,1,73.43,16.63,"Beta","api","baja","success"
17.12,9.49,114,0,72.57,9.89,"Gamma","api","media","success"
15.15,5.5,119,1,77.86,8.12,"Gamma","api","alta","success"
7.11,7.38,116,1,93.76,4.24,"Alpha","ui","baja","success"
13.81,7.89,109,3,72.55,10.22,"Delta","api","baja","success"
16.6,8.37,158,5,93.93,9.11,"Beta","auth","alta","success"
12.67,10.79,107,2,54.57,1.22,"Beta","auth","baja","failed"
9.74,4.45,102,2,79.36,16.14,"Gamma","ui","alta","success"
7.66,4.61,120,3,100,2.48,"Alpha","api","media","success"
9.34,7.85,131,0,84.21,12.1,"Alpha","auth","baja","success"
14.86,4.32,110,0,60.13,27.77,"Delta","database","media","success"
10.27,10.79,120,6,94.64,1.45,"Delta","database","baja","success"
12.91,7.58,126,3,66.4,32.18,"Alpha","payments","baja","success"
17.18,1.27,117,3,79.84,10.67,"Delta","ui","baja","rolled_back"
14.31,7.4,104,1,91.38,4.72,"Beta","payments","alta","success"
17.46,8.53,112,5,68.31,6.67,"Gamma","ui","media","success"
5.19,6.07,117,1,75.81,14.58,"Beta","payments","media","success"
10.88,4.84,134,2,62.26,6.96,"Delta","auth","baja","success"
12.26,8.03,96,1,88.11,16.84,"Gamma","ui","baja","success"
14.31,11.06,107,1,79.83,12.28,"Delta","auth","alta","success"
7.32,6.8,115,3,83.22,2.35,"Gamma","ui","baja","success"
15.22,10.78,118,0,68.5,30.21,"Alpha","auth","baja","success"
13.23,11.5,130,0,69.42,2.24,"Gamma","ui","alta","success"
13.06,4.84,128,1,74.4,5.56,"Beta","payments","baja","success"
14.03,10.16,135,0,73.85,13.92,"Alpha","api","media","success"
11.53,7.73,120,2,73.84,27.86,"Beta","ui","baja","success"
15.7,8.61,118,0,71.57,10.51,"Delta","database","baja","success"
14.59,12.39,120,3,82.93,13.61,"Gamma","auth","media","rolled_back"
11.4,10.45,128,4,72.73,7.25,"Gamma","api","media","success"
16.16,6.79,131,2,70.25,20.43,"Alpha","ui","baja","success"
13.17,4.25,118,2,59.67,13.21,"Gamma","ui","media","success"
14.68,8.91,122,1,92.73,4.71,"Beta","api","media","success"
9.62,9.32,127,3,53.23,4.21,"Delta","ui","baja","success"
18.32,11.03,101,3,75.06,25.17,"Beta","payments","baja","success"
11.98,11.57,106,2,73.71,18.38,"Alpha","api","media","success"
15.39,8.54,106,0,82.53,5.46,"Alpha","auth","media","success"
11.6,8.42,123,6,67.75,6.63,"Alpha","database","alta","failed"
10.88,9.1,130,2,73.23,5.1,"Delta","database","media","success"
15.14,10.71,124,3,92.45,2.47,"Beta","database","media","success"
5.66,8.42,121,1,69.69,18.9,"Delta","payments","alta","failed"
13.91,7.03,96,2,55.63,7.12,"Alpha","auth","media","success"
13.57,5.36,114,3,95.87,3.79,"Delta","payments","baja","success"
1.22,8.03,104,2,83.3,27.09,"Delta","auth","alta","success"
13.47,7.96,112,2,71.26,14.76,"Gamma","api","baja","failed"
3.33,8,123,2,66.56,18.38,"Delta","api","crítica","success"
14.64,7.01,138,3,48.06,2.34,"Delta","api","baja","success"
10.18,6.52,130,4,89.38,14.65,"Beta","auth","media","success"
9.22,10.31,113,0,71.73,9.88,"Delta","payments","crítica","success"
11.97,7.64,127,5,52.51,22.66,"Delta","auth","media","success"
17.49,11.9,109,2,81.02,9.34,"Delta","database","baja","success"
9.46,6.04,119,4,84.34,1.14,"Alpha","payments","baja","rolled_back"
14.23,3.39,133,2,78.56,7.35,"Beta","ui","media","success"
13.36,7.6,115,2,82.41,13.38,"Alpha","api","crítica","success"
7.28,10.28,105,1,77.48,16.59,"Alpha","ui","alta","success"
5.04,7.62,128,0,91.42,16.93,"Delta","payments","baja","success"
4.03,4.05,110,0,82.47,9.09,"Delta","ui","media","success"
14.21,6.54,124,0,87.57,15.38,"Gamma","ui","media","success"
11.86,7.9,114,2,72.67,10.2,"Gamma","auth","media","success"
19.4,11.26,109,1,70.88,14.48,"Alpha","database","media","success"
14.29,10.81,124,5,89.84,8.7,"Delta","ui","media","success"
15.4,10.03,136,1,80.31,5.61,"Alpha","api","alta","success"
17.34,9.18,122,0,75.68,10.65,"Delta","database","media","success"
10,5.97,120,1,82.79,36.31,"Delta","ui","media","success"
14.04,10.03,99,1,71.09,19.03,"Beta","api","baja","success"
15.48,11.05,121,0,94.78,11.33,"Gamma","auth","alta","rolled_back"
17.48,9.86,100,3,62.17,7.85,"Alpha","ui","alta","success"
15.05,10.94,114,2,79.51,7.71,"Beta","auth","media","success"
13.68,8.76,133,0,81.09,16.43,"Beta","ui","media","success"
8.53,10.55,114,1,88.22,14.94,"Beta","database","media","success"
14.92,11.51,145,2,88.98,12.84,"Gamma","payments","media","success"
14,5.58,112,1,76.23,2.68,"Alpha","database","alta","success"
14.54,11.8,128,4,64.27,15.88,"Alpha","payments","alta","success"
13.69,9.91,104,6,82.73,7.93,"Gamma","payments","media","success"
11.19,9.76,117,0,88.48,13.11,"Gamma","api","media","failed"
11.69,8.18,132,0,81.9,8.62,"Alpha","payments","baja","success"
14.75,5.61,134,4,68.66,17.53,"Gamma","ui","alta","success"
12.69,4.87,122,0,78.67,25.27,"Beta","payments","media","success"
8.68,8.76,98,0,58.67,23.95,"Beta","ui","media","success"
10.84,7.64,124,5,78.11,7.37,"Delta","payments","alta","failed"
6.72,10.66,101,3,77.18,10.54,"Alpha","payments","baja","success"
8.13,7.96,118,1,86.86,6.8,"Beta","payments","media","failed"
11.42,7.07,119,1,70.1,3.29,"Beta","database","baja","success"
4.81,11.78,134,1,48.65,10.02,"Alpha","auth","media","rolled_back"
5.25,7.34,126,5,81.52,11.67,"Beta","ui","crítica","success"
16.41,6.31,108,1,66.3,6.36,"Alpha","ui","alta","success"
9.69,9.68,135,2,83.56,22.87,"Delta","ui","baja","success"
4.59,11.76,99,0,68.53,5.67,"Delta","auth","media","success"
11.55,5.56,125,7,65.19,18.28,"Delta","ui","crítica","failed"
17.28,7.32,125,6,75.03,30.56,"Beta","payments","baja","success"
14.65,7.14,128,0,58.43,11.4,"Beta","auth","media","success"
13.77,8.08,116,1,69.76,28.63,"Gamma","api","baja","success"
16.73,8.83,115,3,76.95,6.8,"Gamma","auth","media","success"
8.91,9.83,125,2,68.96,2.97,"Alpha","database","baja","success"
14.92,10.62,97,6,81.61,14.6,"Alpha","payments","crítica","success"
9.65,6.18,98,1,75.98,12.09,"Alpha","api","alta","success"
12,7.97,114,1,71.2,8.83,"Alpha","database","media","success"
20.86,9.97,122,3,91.17,7.23,"Beta","database","baja","success"
15.88,6.51,133,2,72.48,15.2,"Beta","database","media","failed"
15.07,9.14,134,2,75.27,8.63,"Delta","auth","baja","success"
7.57,12.36,110,2,83.39,6.71,"Alpha","api","baja","success"
8.86,4.64,108,4,91.59,9.78,"Beta","api","alta","success"
21.14,9.81,117,3,58.16,8.21,"Alpha","database","alta","success"
7.63,7.82,113,7,64.78,7.68,"Delta","ui","alta","success"
12.86,5.5,127,4,66.97,10.8,"Gamma","api","media","success"
15.57,8.66,132,0,81.66,10.58,"Delta","database","media","success"
16.08,7.88,124,2,76.6,6.1,"Gamma","database","media","success"
16.36,5.44,115,2,91.64,11.98,"Gamma","api","media","success"
11.35,8.05,110,0,63.65,11.67,"Beta","database","alta","failed"
8.72,9.46,136,1,76.77,19.62,"Delta","database","baja","success"
10.77,7.51,122,1,81.73,17.22,"Beta","auth","alta","failed"
8.39,12.49,128,2,53.59,5.23,"Delta","database","baja","success"
14.51,11.91,122,1,70.32,4.21,"Delta","database","crítica","success"
16.48,6.12,119,2,99.92,9.24,"Gamma","database","alta","success"
20.51,11.45,138,2,74.81,16.82,"Gamma","database","media","success"
13.46,11.15,127,5,72.89,10.56,"Beta","database","baja","success"
8.5,6.38,121,0,89.86,18.21,"Beta","api","baja","success"
16.1,11.92,113,5,87.72,7.46,"Gamma","ui","crítica","success"
15.62,12.16,126,1,87.39,3.9,"Alpha","api","media","success"
11.05,9.57,123,3,80.11,13.98,"Delta","ui","media","success"
5.77,10.23,152,4,74.4,9.17,"Beta","api","media","success"
15.05,5.47,111,2,85.31,9.3,"Delta","api","crítica","success"
16.52,12.66,126,2,82.74,9.35,"Gamma","payments","media","failed"
10.82,6.52,127,1,84.75,12.49,"Beta","database","media","success"
14.14,7.1,129,5,93.8,2.32,"Beta","auth","alta","success"
10.9,9.28,120,3,72.04,13.8,"Alpha","database","media","success"
14.73,8.26,102,2,57.57,13.4,"Delta","api","media","rolled_back"
11.53,12.21,113,2,51.66,10.97,"Gamma","database","media","success"
10.62,6.16,113,0,95.74,10.33,"Delta","database","media","success"
12.45,6.66,118,1,74.22,4.26,"Alpha","auth","alta","failed"
10.87,8.66,115,3,67.42,9.66,"Delta","database","media","success"
9.64,9.41,127,1,64.72,3.67,"Gamma","payments","crítica","success"
10.74,15.32,129,4,66.83,18.5,"Alpha","api","alta","success"
11.97,4.75,126,3,76.32,21.16,"Beta","api","alta","failed"
12.83,10.79,131,1,71.92,20.63,"Delta","ui","media","success"
18.13,10.22,134,1,65.7,10.14,"Delta","api","media","success"
6.57,10.76,114,1,75.46,7.52,"Delta","auth","baja","success"
11.2,4.83,136,0,85.52,9.12,"Gamma","auth","alta","success"
14.53,8.91,118,2,59.08,10.96,"Delta","auth","media","success"
19.05,6.76,124,1,100,36.14,"Beta","database","alta","success"
13.7,3.62,113,3,77.06,1.89,"Gamma","api","baja","rolled_back"
11.94,5.74,130,4,88.44,0.89,"Alpha","payments","media","success"
10.77,5.39,114,1,78.25,11.6,"Delta","database","crítica","success"
13.66,12.09,115,0,89.98,1.26,"Alpha","auth","alta","success"
15.96,6.23,127,3,90.98,31.83,"Beta","database","baja","rolled_back"
11.26,10.24,115,3,100,15.91,"Beta","ui","media","success"
12.66,9.51,121,3,67.88,8.34,"Delta","api","alta","success"
12.87,6.01,109,4,100,15.86,"Alpha","ui","baja","failed"
14.92,9.35,114,3,78.02,16.16,"Alpha","auth","alta","success"
16.45,9.39,120,4,73.74,27.09,"Gamma","api","alta","success"
13.12,5.12,110,0,42.35,26.62,"Gamma","database","media","success"
11.7,9.81,110,3,54.19,5.73,"Delta","database","baja","success"
17.58,7.99,116,1,74.56,4.26,"Alpha","payments","media","rolled_back"
12.66,7.4,132,0,84.31,8.95,"Alpha","database","media","success"
18.31,5.79,126,2,71.13,8.29,"Alpha","ui","crítica","success"
11.75,7.56,118,2,74.11,17.19,"Gamma","api","media","success"
14.46,5.29,110,3,65.85,10.36,"Beta","ui","baja","success"
5.82,7.94,103,0,99.45,23.23,"Gamma","database","alta","success"
11.55,7.67,139,1,65.08,12.13,"Delta","database","crítica","success"
11.91,7.39,122,1,83.66,5.53,"Gamma","ui","media","success"
8.97,10.78,114,2,80.19,28.66,"Delta","api","baja","success"
7.86,6.45,121,2,78.92,16.78,"Gamma","database","crítica","success"
15.79,7.67,120,1,82.66,10.48,"Gamma","payments","alta","success"
15.66,10.16,115,2,72.8,24.14,"Gamma","database","media","success"
6.81,11.3,108,3,81.28,14.95,"Beta","payments","media","success"
13.7,7.74,132,4,95.26,11.8,"Delta","ui","baja","failed"
7.55,8.16,117,2,74.92,20,"Alpha","ui","media","success"
7.8,10.75,117,2,93.12,19.49,"Alpha","api","baja","success"
14.1,8.8,122,1,72.46,5.63,"Alpha","database","alta","success"
9.26,8.83,161,2,76.41,4.05,"Beta","ui","media","success"
15.97,7.35,121,2,78.41,10.88,"Gamma","ui","media","success"
12.15,8.25,119,2,73.26,23.14,"Gamma","api","alta","success"
14.14,8.02,121,2,74.29,5.08,"Delta","auth","media","success"
9.91,9.44,108,2,81.69,11.58,"Delta","ui","alta","success"
7.4,7.64,119,2,55.39,27.13,"Delta","ui","baja","success"
15.66,7.23,122,1,99.92,11.14,"Alpha","api","crítica","success"
12.95,7.81,122,0,75.86,11.84,"Gamma","ui","baja","failed"
11.04,6.85,120,0,82.37,6.38,"Delta","auth","baja","success"
12.28,11.87,127,1,82.65,4.86,"Beta","payments","baja","success"
17.3,5.35,115,0,87.95,4.59,"Alpha","api","media","success"
9.21,11.03,122,3,61.17,11.95,"Gamma","ui","alta","success"
9,7.97,106,3,79,0.57,"Alpha","database","baja","success"
9.52,2.95,122,1,85.27,15.35,"Gamma","auth","media","success"
5.66,6.64,121,5,84.01,11.55,"Beta","ui","baja","success"
15.28,10.89,146,3,79.21,6.43,"Alpha","ui","media","success"
12.77,4.77,117,1,64.79,19.01,"Alpha","auth","media","success"
12.83,8.33,121,2,74.61,17.5,"Beta","payments","media","success"
11.83,4.93,129,1,49.06,5.71,"Alpha","database","media","success"
9.96,8.2,105,1,77.98,19.03,"Alpha","api","media","success"
8.71,10.56,120,2,84.1,42.7,"Beta","api","alta","success"
15.41,7.49,111,1,71.68,16.02,"Gamma","auth","media","success"
6.3,10.39,129,3,95.3,15.32,"Delta","database","baja","success"
13.76,9.82,101,3,69.75,31.48,"Beta","auth","media","success"
8.83,11.02,133,1,77.75,26.22,"Gamma","database","crítica","success"
13.13,11.33,101,2,92.57,28.66,"Delta","ui","media","failed"
9.04,10.5,116,1,79.2,12.14,"Alpha","database","alta","success"
9.91,8.98,117,4,51.64,14.45,"Delta","ui","alta","rolled_back"
19.08,8.16,115,1,78.23,21.86,"Delta","ui","baja","success"
14.67,8.34,119,1,79.86,13.53,"Alpha","api","media","success"
3.42,8.91,111,3,72.83,27.63,"Beta","auth","baja","success"
12.51,5.75,154,0,80.55,8.7,"Beta","payments","media","success"
10.19,6.51,135,4,90.7,15.48,"Gamma","auth","baja","success"
7.45,6.75,136,2,79.28,20.51,"Beta","payments","media","success"
12.84,6.69,112,2,66.56,14.56,"Beta","auth","media","success"
12.52,7.3,135,3,94.83,6.78,"Gamma","auth","media","success"
10.69,7.86,119,3,100,4.03,"Alpha","payments","alta","success"
19.89,6.01,89,2,88.82,14.08,"Gamma","api","baja","success"
3.01,2.41,113,0,84.52,8,"Alpha","auth","media","success"
15.35,13.04,118,1,75.24,19.39,"Delta","ui","alta","failed"
10.84,5.96,118,1,63,9.55,"Alpha","auth","media","success"
14.63,10.56,128,3,79.7,10.76,"Beta","ui","crítica","rolled_back"
10.18,6.46,125,0,63.21,8.01,"Alpha","api","media","failed"
9.62,9.25,117,1,85.51,18.22,"Alpha","api","media","success"
5.16,7.66,107,0,89.44,2.92,"Beta","payments","media","success"
11.16,9.5,118,3,88.13,13.46,"Beta","auth","crítica","success"
21.91,3.38,125,0,86.02,11.66,"Alpha","api","media","success"
15.96,8.59,119,1,79.88,15.9,"Alpha","auth","baja","success"
18.7,7.63,129,3,85.24,22.31,"Delta","payments","baja","success"
15.66,11.47,135,0,97.37,17.83,"Alpha","auth","media","success"
16.58,7.17,124,1,78.59,15.08,"Gamma","payments","crítica","success"
15.61,7.03,118,0,99.36,36.38,"Delta","ui","alta","success"
13.9,3.4,114,2,74.96,35.99,"Alpha","auth","media","success"
9.67,8.41,138,1,98.71,4.02,"Beta","auth","media","success"
9.87,9.55,123,2,79.89,11.79,"Delta","ui","media","success"
5.6,7.41,118,2,86.84,7.8,"Beta","ui","alta","failed"
11.98,6.54,119,0,72.68,16.34,"Beta","database","media","success"
15.6,8.9,113,3,66.14,10.32,"Alpha","api","alta","failed"
16.13,5.01,126,2,72.98,11.59,"Delta","payments","baja","failed"
12.38,8.79,126,1,82.2,15.21,"Gamma","api","alta","success"
9.81,10.53,98,4,71.64,3.51,"Alpha","payments","media","success"
25.16,7.59,116,0,94.51,18.25,"Delta","database","alta","success"
14.95,7.03,109,2,90.68,22.07,"Beta","database","alta","success"
17.68,7.13,127,2,85.29,2.06,"Gamma","auth","crítica","success"
10.65,9.21,142,2,72.84,4.87,"Beta","database","media","success"
11.85,4.82,131,1,82.07,1.67,"Beta","payments","baja","success"
13.79,5.89,126,2,75.59,26.3,"Gamma","database","media","rolled_back"
18.71,4.27,128,2,97.87,7.25,"Beta","database","alta","success"
10.75,7.33,105,1,69.65,10.5,"Alpha","database","media","success"
15.41,7.91,125,3,80.52,9.17,"Gamma","api","alta","success"
3.62,8.22,104,2,70.3,20.56,"Alpha","payments","baja","success"
9.97,7.58,132,0,83.86,15.02,"Beta","auth","crítica","success"
6.83,3.43,125,2,100,26.4,"Alpha","database","baja","success"
16.45,4.81,105,0,81.05,12.19,"Gamma","ui","alta","success"
11.34,7.26,124,2,80.31,9.1,"Gamma","auth","media","failed"
10.44,8.69,115,2,83.22,16.09,"Alpha","api","crítica","success"
17.48,8.47,113,1,76.86,23.92,"Beta","api","media","success"
16.47,5.38,114,1,97,16.44,"Delta","auth","media","success"
8.41,10.55,125,1,76.91,20.72,"Beta","database","alta","success"
13.71,8.11,127,3,76.26,21.8,"Alpha","auth","baja","success"
7.09,7.13,99,7,83.47,6.54,"Delta","database","crítica","success"
10.1,8.67,110,3,78.76,22.8,"Beta","payments","baja","failed"
18.47,10.13,111,0,73.37,7.53,"Beta","auth","media","success"
17.8,9.51,130,0,66.17,13.08,"Delta","payments","crítica","success"
16.44,7.01,131,3,91.27,17.5,"Gamma","api","crítica","success"
9.72,5.05,121,2,84.43,9.62,"Alpha","auth","crítica","success"
4.47,10.16,119,4,69.24,11.95,"Delta","auth","baja","failed"
7.3,5.39,117,0,83.87,12.13,"Delta","api","alta","success"
15.81,6.28,125,0,69.35,16.7,"Delta","database","media","success"
10.84,10.86,121,1,85.19,26.93,"Beta","ui","media","success"
3.35,6.68,135,1,73.84,6.17,"Beta","payments","media","success"
11.28,7.36,108,1,74.65,2.29,"Alpha","ui","alta","success"
17.64,9.18,137,0,81.91,7.2,"Gamma","database","baja","success"
14.57,11.34,116,2,66.97,3.67,"Alpha","ui","alta","success"
8.71,5.54,105,1,91.34,7.61,"Beta","ui","baja","success"
5.82,9.86,107,2,83.36,6.79,"Beta","payments","media","success"
8.69,7.93,125,2,72.77,24.47,"Alpha","database","media","rolled_back"
12.14,11.55,129,1,100,17.91,"Alpha","database","baja","success"
15.55,10.4,120,3,66.24,17.62,"Gamma","payments","media","success"
4.24,7.88,115,1,100,17.98,"Beta","api","alta","failed"
16.09,6.11,116,1,87.06,11.71,"Gamma","database","alta","success"
12.02,4.75,127,0,71.39,16.9,"Beta","auth","media","success"
14.28,5.48,109,2,77.53,8.17,"Gamma","database","baja","success"
5.39,6.89,113,1,70.99,8.4,"Delta","ui","crítica","success"
9.33,4.98,106,2,93.47,17.78,"Alpha","auth","baja","success"
10.21,7.64,131,2,81.61,10.64,"Gamma","auth","media","success"
16.18,6.66,103,2,84.65,14.33,"Beta","payments","alta","success"
16.11,12.95,114,2,100,6.94,"Delta","ui","alta","success"
13.74,10.75,97,0,49.67,9.01,"Delta","auth","baja","success"
18.42,9.27,122,6,69.68,12.94,"Beta","payments","media","success"
9.94,6.6,105,5,85.77,15.51,"Alpha","api","media","success"
16.05,13.04,117,3,64.36,5.5,"Beta","payments","alta","success"
11.86,7.3,128,1,100,16.85,"Beta","ui","alta","success"
9.33,7.91,114,1,84.83,13.03,"Gamma","api","alta","success"
15.69,3.17,119,1,96.02,15.81,"Alpha","api","alta","success"
17.52,10.74,130,1,82.37,7.77,"Gamma","payments","baja","success"
15.51,7.86,118,5,65.16,18.09,"Alpha","payments","alta","failed"
9.96,5.46,126,2,83.51,2.71,"Alpha","auth","media","success"
10.12,7.98,117,1,63.24,4.89,"Beta","auth","crítica","success"
17.51,10.69,118,3,94.69,12.85,"Gamma","database","media","success"
13.41,8.2,120,2,93.79,4.58,"Gamma","ui","baja","success"
15.32,8.76,118,3,97.46,3.91,"Gamma","payments","crítica","success"
10.65,10.65,104,1,84.45,23.93,"Alpha","ui","media","failed"
17.04,5.71,141,3,85.6,7.29,"Beta","database","media","success"
8.76,7.38,128,2,63.01,25.9,"Gamma","payments","media","success"
14.5,9.73,122,0,81.17,13.95,"Alpha","database","baja","success"
8.73,4.51,135,1,91.92,20.98,"Delta","api","media","rolled_back"
2.15,10.99,128,1,60.9,23.17,"Alpha","database","alta","success"
6.63,5.31,111,3,83.86,26.66,"Alpha","api","crítica","success"
12.55,8.67,140,2,55.4,26.11,"Delta","ui","alta","success"
15.53,8.44,116,4,96.27,14.29,"Beta","api","baja","failed"
4.99,6.51,119,5,69.25,6.62,"Beta","auth","crítica","success"
6.99,8.54,128,3,84.58,7.4,"Beta","ui","media","success"
19.06,7.52,137,4,68.59,11.81,"Alpha","api","media","success"
10.26,10.23,99,1,77.9,5.46,"Delta","ui","media","rolled_back"
14.02,4.64,126,1,58.27,7.14,"Gamma","auth","media","success"
9.89,11.24,106,0,46.86,10.82,"Alpha","auth","media","success"
10.81,7.37,135,4,89.25,11.95,"Delta","auth","media","success"
12.35,6.15,116,3,83.63,5.66,"Alpha","api","alta","success"
12.04,5.34,105,2,91.9,12.4,"Beta","payments","media","failed"
11.23,10.7,124,1,90.07,12.17,"Delta","auth","alta","rolled_back"
10.12,4.15,125,0,73.91,3.43,"Delta","payments","baja","success"
0.5,8.34,121,2,70.84,2.42,"Delta","database","baja","success"
19.47,6.51,121,1,88.57,15.76,"Delta","database","alta","success"
19.16,6.08,130,2,90.77,11.71,"Delta","payments","crítica","failed"
7.6,7.6,130,2,83.98,17.15,"Alpha","api","media","rolled_back"
11.33,8.15,103,2,79.03,10.03,"Beta","payments","crítica","success"
17.5,7.08,118,3,70.99,11.71,"Alpha","api","baja","success"
15.99,6.13,118,2,88.85,8.64,"Gamma","database","baja","success"
17.11,9.82,101,2,87.79,4.86,"Delta","auth","baja","success"
7.71,9.65,116,3,84.03,2.57,"Beta","database","media","success"
22.31,12.12,122,3,100,10.42,"Beta","database","media","failed"
7.47,5.53,129,0,62.45,33.46,"Delta","api","media","success"
15.02,5.48,112,4,71.96,8,"Delta","database","media","success"
12.57,5.96,117,1,80.92,18.53,"Gamma","database","alta","success"
10.39,5.13,117,1,63.8,8.25,"Gamma","database","media","failed"
10.48,12.96,125,2,70.42,5.41,"Alpha","api","baja","success"
8.03,1.73,111,1,62.12,18.06,"Delta","ui","media","success"
18.49,4.47,115,1,98.33,12,"Delta","api","media","success"
12.36,6.1,115,1,70.86,9.78,"Gamma","auth","media","success"
13.04,7.4,110,5,83.02,33.76,"Beta","auth","alta","success"
12.84,7.63,128,1,100,6.12,"Alpha","payments","media","success"
10.5,10.54,117,1,84.17,8.89,"Delta","payments","media","success"
7.46,11.2,117,1,69.94,8.61,"Beta","database","alta","success"
13.01,5.4,128,1,86.35,18,"Alpha","ui","media","success"
3.63,8.56,116,2,78.35,12,"Beta","payments","media","success"
6.33,3.78,111,1,72.12,16.56,"Gamma","ui","baja","success"
7.69,10.23,116,1,55.76,6.6,"Alpha","database","media","success"
7.69,5.81,123,0,100,13.93,"Beta","ui","crítica","success"
12.43,9.11,108,4,69.86,7.42,"Delta","payments","crítica","success"
18.39,5.51,115,4,77.08,26.42,"Gamma","payments","media","failed"
5.94,8.04,110,1,76.03,9.87,"Gamma","auth","baja","success"
13.73,7.98,142,2,70.58,14.88,"Delta","api","alta","success"
15.6,5.32,114,2,92.25,7.4,"Beta","api","media","success"
8.04,8.95,131,3,81.13,7.83,"Beta","auth","alta","failed"
11.79,16.19,109,1,62.63,13.91,"Gamma","payments","alta","rolled_back"
15.29,8.05,114,1,79.76,5.88,"Beta","database","baja","success"
10.98,6.96,120,2,100,4.64,"Delta","database","alta","success"
11.12,6.71,120,2,79.78,10.53,"Delta","auth","media","success"
13.23,7.1,105,2,85.7,4.64,"Alpha","auth","alta","success"
11.76,8.42,129,2,91.09,10.43,"Delta","api","crítica","success"
9.78,5.82,121,5,71.25,3.75,"Alpha","api","crítica","success"
11.45,11.8,119,3,90.77,11.11,"Beta","database","media","success"
19.53,9.51,115,0,100,7.34,"Gamma","auth","crítica","success"
15.49,10.31,111,2,80.96,19.24,"Delta","auth","baja","success"
8.34,11.46,122,1,92.47,14.11,"Delta","api","media","success"
7.02,5.28,109,2,75.2,8.58,"Beta","api","media","success"
10.56,5.66,133,1,88.11,19.65,"Beta","api","baja","failed"
17.32,8.82,119,2,59.24,3.33,"Gamma","ui","baja","success"
13.17,6.8,124,4,67.24,19.55,"Gamma","ui","alta","success"
9.19,9.28,125,1,83.11,12.09,"Delta","database","alta","success"
15.53,7.83,122,3,85.02,14.98,"Gamma","payments","media","success"
11.47,9.76,122,3,95.32,13.32,"Beta","api","media","success"
7.52,3.98,131,0,83.02,5.46,"Delta","api","media","success"
13.84,9.76,123,3,95.67,2.64,"Gamma","database","media","success"
18.1,3.39,114,3,98.91,19.34,"Delta","database","alta","success"
13.74,7.95,115,0,95.28,9.83,"Beta","api","baja","success"
12.77,9.18,117,2,92.04,27.46,"Beta","api","baja","success"
9.38,6.01,112,0,87.11,5.54,"Alpha","payments","media","success"
14.27,11.75,117,4,55.41,10.01,"Beta","database","baja","success"
7.72,8.55,119,2,76.13,4.1,"Gamma","api","baja","failed"
5.39,3.98,114,0,68.37,2.25,"Gamma","api","alta","failed"
11.83,11.9,101,5,100,5.91,"Delta","payments","baja","success"
11.86,8.78,125,0,82.22,8.9,"Alpha","api","media","success"
21.46,7.31,129,2,74.37,5.69,"Alpha","payments","crítica","success"
7.13,9.81,127,1,71.37,15,"Alpha","api","alta","success"
12.68,4.87,132,3,72.6,8.13,"Beta","payments","alta","success"
15.22,8,117,4,89.19,19.57,"Alpha","ui","alta","success"
16.2,8.71,139,3,69.13,15.46,"Beta","database","baja","success"
11.96,0.7,125,3,97.55,10.68,"Beta","api","media","success"
9.03,6.97,122,1,61.19,9.8,"Beta","database","media","success"
11.74,6.27,132,2,78.65,19.99,"Gamma","auth","media","success"
19.76,8.89,133,2,50.25,16.58,"Alpha","database","media","success"
13.93,10.78,121,2,81.7,14.07,"Delta","api","media","failed"
3.82,8.37,106,3,60.45,18.89,"Delta","ui","media","success"
17.69,5.99,107,4,69.55,22.7,"Gamma","auth","media","success"
14.16,7.81,115,1,54.43,6.34,"Beta","auth","media","success"
11.87,5.47,117,1,85.72,10.78,"Beta","ui","alta","success"
11.93,5.48,140,5,73.75,10.66,"Delta","api","baja","success"
11.4,1.74,116,1,80.59,12.81,"Beta","api","baja","success"
13.03,7.35,113,2,68.3,15.59,"Gamma","auth","media","success"
9.98,9.47,116,0,63.94,6.3,"Beta","auth","alta","success"
13.11,8.68,125,1,60.17,12.35,"Gamma","payments","baja","success"
8.27,5.38,137,2,68.66,9.41,"Alpha","api","alta","success"
12.8,6.83,131,2,74.66,3.1,"Beta","payments","crítica","success"
16.43,10.83,111,4,48.2,8.74,"Alpha","ui","media","success"
14.04,9.85,123,4,64.88,34.12,"Gamma","auth","media","success"
16.13,9.35,109,4,59.74,5.06,"Delta","api","alta","success"
7.64,7.2,122,2,72.55,15.33,"Alpha","auth","media","failed"
12.22,7.87,113,1,56.26,21.6,"Delta","database","crítica","success"
14.47,5.21,117,2,74.61,15.05,"Beta","ui","media","rolled_back"
7.73,8.1,123,1,97.71,26.63,"Alpha","payments","media","success"
18.26,9.01,143,2,73.92,1.17,"Delta","api","baja","success"
7.86,8.14,111,2,84.32,12.58,"Delta","database","alta","success"
12.66,8.54,116,2,77.59,19.76,"Delta","payments","crítica","success"
12.61,1.99,116,6,75.81,7.3,"Beta","database","alta","success"
12.49,8.72,123,1,57.09,11.35,"Beta","ui","media","success"
11.16,7.18,103,2,93.33,4.59,"Delta","auth","media","rolled_back"
13.8,4.85,135,2,100,5.77,"Alpha","api","media","rolled_back"
7.88,7.25,138,2,89.55,3.77,"Beta","database","baja","success"
6.84,8.47,123,1,70.78,8.82,"Alpha","api","alta","success"
9.38,5.61,120,3,80.33,6.06,"Alpha","database","media","failed"
11.77,8.05,117,2,60.64,2.07,"Beta","auth","media","rolled_back"
17.03,5.05,120,1,81.06,2.59,"Alpha","api","crítica","success"
18.35,5.3,126,0,71.42,19.42,"Delta","ui","media","success"
13.28,12.54,112,0,63.66,14.27,"Gamma","database","alta","failed"
13.53,9.94,124,2,75.49,12.7,"Gamma","api","media","success"
11.03,4.05,117,2,86.34,22.56,"Gamma","database","baja","success"
12.19,7.41,115,3,93.39,19.67,"Alpha","auth","alta","success"
6.38,8.33,124,2,76.02,4.54,"Alpha","ui","media","success"
13.16,7.23,129,2,94.58,33.74,"Alpha","ui","baja","rolled_back"
9.86,10.74,106,0,91.44,31.91,"Delta","payments","crítica","failed"
13.34,13.65,128,2,72.66,14.31,"Delta","ui","media","success"
10.62,6.55,112,1,61.74,11.81,"Delta","api","alta","failed"
9.35,10.11,119,7,63.29,9.2,"Alpha","api","media","success"
11.12,10.8,148,2,91.51,8.23,"Alpha","auth","alta","success"
10.53,9.02,132,2,85.51,16.86,"Beta","database","media","success"
16.38,9.18,117,3,69.77,7.68,"Alpha","ui","media","failed"
12.84,11.07,111,0,56.93,18.48,"Delta","database","crítica","success"
13.73,8.3,109,2,67.87,5.72,"Alpha","payments","media","success"
7.04,3.05,123,3,82.58,8.55,"Gamma","auth","alta","success"
17.99,9.12,105,2,79.8,17.76,"Gamma","auth","alta","success"
12.64,4.78,108,4,67.02,20.73,"Alpha","database","baja","success"
8.57,6.47,124,0,83.48,15.82,"Delta","payments","crítica","success"
13.24,7.4,129,4,66.14,9.85,"Alpha","api","crítica","success"
15.48,2.69,94,0,84.16,15.3,"Gamma","payments","crítica","success"
6.47,7.54,130,3,67.51,24.08,"Delta","payments","media","success"
18.76,10.22,139,3,76.12,8.01,"Gamma","auth","media","success"
11.37,6.44,117,3,97.09,11.06,"Gamma","auth","media","failed"
16.48,4.28,119,1,73.59,14.64,"Beta","ui","media","failed"
12.29,7.25,118,3,70.41,3.95,"Alpha","ui","crítica","success"
10.67,6.57,120,1,92.57,24.6,"Beta","payments","alta","success"
4.66,8.78,136,4,63.12,16.43,"Alpha","api","baja","success"
7.6,6.45,118,1,79.59,19.41,"Beta","payments","media","success"
11.83,6.25,122,0,100,20.55,"Alpha","api","baja","success"
15.31,8.89,112,4,88.15,10.87,"Delta","auth","media","success"
4.47,9.24,117,1,69.15,2.64,"Gamma","payments","baja","success"
17.5,10.86,119,2,85.49,22.79,"Delta","database","alta","success"
17.6,10.66,112,1,92.19,8.05,"Alpha","auth","baja","success"
7.43,6.36,117,2,75.03,12.48,"Beta","auth","alta","success"
13.89,10.26,144,1,81.22,5.33,"Gamma","database","media","success"
7.87,4.69,113,4,64.41,11.32,"Alpha","auth","media","rolled_back"
11.5,8.4,112,2,90.61,6.69,"Alpha","database","crítica","success"
15.71,3.03,110,2,92.66,12.63,"Gamma","ui","media","success"
15.47,9.01,124,1,60.63,11.99,"Gamma","ui","media","success"
8.6,5.32,108,4,63.09,13.09,"Beta","database","alta","success"
10.45,7.82,124,2,73.93,21.58,"Gamma","auth","alta","success"
8.1,8.69,108,1,66.29,3.15,"Delta","auth","alta","success"
13.36,4.25,115,1,69.91,5.46,"Alpha","payments","media","rolled_back"
5.76,10.24,132,1,62.12,4.04,"Delta","auth","baja","failed"
1.48,10.74,116,5,67.64,12.06,"Alpha","database","alta","success"
17.88,8.69,102,2,97.22,20.88,"Delta","auth","baja","failed"
21.09,4.91,132,2,53.75,5.03,"Beta","payments","media","success"
10.18,4.29,128,4,50.26,8.98,"Delta","auth","baja","rolled_back"
15.04,4.24,105,2,82.24,12.69,"Alpha","ui","media","success"
11.97,6.88,103,1,84.94,9.45,"Alpha","api","media","success"
17.9,7.73,106,1,62.81,19.2,"Alpha","api","baja","failed"
14.22,8.88,105,0,93.38,11.67,"Beta","database","media","success"
12.81,9.99,135,2,73.98,17.65,"Delta","api","media","success"
4.8,6.7,124,2,55.86,15.44,"Beta","auth","media","success"
16.33,10.75,123,1,69.52,7.06,"Beta","database","media","success"
10.6,7.08,137,2,59.18,8.82,"Alpha","ui","media","success"
6.39,4.25,103,2,57.28,13.47,"Beta","database","media","success"
11.19,9.78,102,2,80.05,25.41,"Alpha","api","alta","success"
11.49,9.39,124,2,87.19,2.17,"Beta","auth","baja","success"
16.24,8.29,115,3,61.74,5.95,"Beta","payments","baja","success"
7.33,9.23,123,1,78.27,6.5,"Gamma","payments","crítica","success"
9.77,11.58,126,5,76.48,21.59,"Delta","auth","baja","success"
17.95,7.17,120,4,95.31,19.3,"Gamma","payments","media","success"
17.43,10.53,121,2,65.53,32.48,"Delta","ui","baja","rolled_back"
16.65,6.62,122,6,64.72,11.72,"Beta","auth","alta","success"
18.65,11.46,146,7,61.51,25.36,"Gamma","payments","alta","success"
12.82,7.59,116,0,84.81,6.83,"Delta","api","baja","success"
9.67,7.42,132,0,83.51,7.63,"Delta","database","media","success"
14.22,9.55,136,2,70.16,13.69,"Beta","database","media","rolled_back"
16.23,9.52,106,1,70.23,4.85,"Beta","ui","media","rolled_back"
21.65,11.6,106,1,64.37,19.13,"Delta","auth","media","success"
4.14,9.17,146,1,81.26,1.05,"Alpha","ui","media","success"
13.09,10.52,131,3,96.74,15.18,"Alpha","payments","baja","success"
14.62,9.71,120,0,72.6,3.92,"Beta","database","media","success"
11.78,6.8,114,1,89.46,9.43,"Gamma","api","baja","failed"
5.77,11.17,136,1,73.31,17.68,"Delta","api","baja","failed"
14.97,5.58,99,2,83.93,6.24,"Alpha","payments","media","success"
8.88,10.55,110,2,98.18,7.25,"Gamma","payments","crítica","failed"
14.02,5.76,109,1,72.49,29.87,"Gamma","ui","baja","success"
15.63,10.45,113,1,91.76,7.68,"Gamma","ui","media","success"
17.14,7.72,116,1,62.63,22.34,"Beta","database","media","success"
5.77,8.09,125,1,85.57,9.34,"Beta","database","crítica","failed"
16.33,12.83,107,0,70.24,11.86,"Gamma","auth","media","success"
8.97,6.1,113,3,75.59,8.73,"Alpha","payments","media","success"
6.84,10.62,138,1,77.73,10.26,"Alpha","api","media","success"
17.26,6.3,113,1,81.09,18.71,"Beta","ui","alta","success"
16.59,8.06,117,5,88.9,2.49,"Gamma","ui","alta","success"
11.03,7.69,135,2,69.81,2.21,"Delta","database","alta","success"
15.04,12.85,105,2,83.96,4.55,"Gamma","database","baja","success"
8.56,11.18,108,2,93.4,7.68,"Gamma","payments","alta","success"
11.4,8.19,130,1,78.89,5.77,"Beta","ui","media","success"
11.63,8.34,124,3,55.97,40.44,"Delta","auth","alta","success"
10.88,8.2,150,6,58.07,9.89,"Delta","payments","alta","success"
14.94,4.55,109,0,62.11,9.15,"Delta","database","baja","success"
18.15,3.79,128,3,82.1,9.08,"Gamma","payments","media","success"
10.18,7.53,102,3,53.31,9.89,"Gamma","auth","alta","success"
11.87,7.49,125,2,87.84,8.48,"Beta","auth","baja","success"
18.55,6.18,109,1,81.25,5.64,"Alpha","payments","media","success"
10.68,5.77,111,1,92.39,1.72,"Delta","payments","baja","success"
1.58,7.87,134,5,85.15,19.67,"Gamma","auth","media","success"
14.06,12.46,106,0,77.14,9.29,"Beta","ui","media","success"
8.45,7.12,113,1,69.09,7.8,"Delta","auth","alta","success"
8.01,10.82,111,3,76.92,20.59,"Gamma","ui","media","success"
17.68,7.38,113,2,51.96,7.56,"Alpha","api","crítica","success"
21.79,8.77,108,1,94.89,7,"Alpha","database","alta","rolled_back"
7.84,13.43,112,3,84.01,8.59,"Gamma","database","media","success"
16.12,8.74,127,6,95.09,10.29,"Delta","ui","crítica","success"
11.62,6.38,125,5,99.68,22.31,"Beta","payments","baja","success"
12.57,3.73,119,2,65.35,7.79,"Beta","auth","baja","success"
16.89,6.72,121,6,90.16,7.12,"Gamma","database","alta","success"
12.85,10.49,104,2,97.42,7.76,"Beta","api","media","rolled_back"
8.59,6.84,112,1,74.74,12.54,"Delta","ui","crítica","success"
10.12,10.04,121,1,72.83,14.26,"Delta","api","baja","success"
14.74,7.4,137,4,94.19,8.67,"Beta","auth","media","failed"
2.66,4.49,112,0,87.01,11.9,"Gamma","database","media","failed"
16.38,3.26,146,2,78.89,5.81,"Gamma","database","media","success"
5.73,5.47,114,2,74.09,4.92,"Alpha","auth","media","failed"
12.09,8.02,110,0,72.37,15.01,"Delta","payments","crítica","success"
11.24,6.76,120,0,65.66,18.53,"Gamma","database","crítica","success"
17.17,6.03,113,2,86.34,6.44,"Beta","payments","media","success"
12.76,8.22,124,1,76.43,3.91,"Beta","ui","alta","success"
12.41,5.27,113,1,66.09,6.54,"Delta","ui","alta","success"
14.79,10.42,123,0,90.08,6.11,"Beta","database","media","success"
8.69,6.51,139,3,75.82,14.23,"Alpha","payments","baja","success"
11.22,7.56,117,1,68.11,13.06,"Alpha","api","media","success"
16.71,5.74,105,2,76.16,10.21,"Gamma","auth","media","failed"
14.73,9.37,108,5,89.88,11.06,"Beta","auth","media","success"
6.9,8.94,123,0,82,22.56,"Gamma","api","media","success"
14.55,6.89,104,2,70.02,3.34,"Alpha","auth","baja","success"
6.49,3.08,106,0,84.1,17.45,"Delta","auth","media","rolled_back"
9.61,8.4,122,1,85.16,14.64,"Delta","auth","alta","success"
16.84,9.06,106,1,80.36,8.34,"Delta","ui","alta","success"
3,9.23,116,0,87.08,11,"Beta","payments","alta","failed"
4.88,10.62,132,1,82.03,6.86,"Alpha","payments","crítica","success"
17.21,5.95,137,0,76.69,5.44,"Alpha","ui","crítica","success"
8.74,6.15,122,2,67.55,14.63,"Beta","api","baja","failed"
16.97,4.8,121,3,74.22,27.72,"Gamma","payments","media","success"
11.33,10.14,136,2,79.24,27.62,"Gamma","payments","alta","success"
13.71,6.85,110,5,64.86,16.11,"Beta","payments","alta","success"
15.25,6.01,121,2,97.08,22.7,"Delta","api","media","success"
9.4,7.88,120,2,83.8,5.61,"Gamma","database","media","failed"
10.78,7.52,110,2,51.82,4.56,"Alpha","database","media","success"
10.34,6.41,131,2,69.92,5.04,"Beta","api","alta","success"
23.26,12.92,128,0,72.58,7.41,"Delta","ui","media","success"
12.5,6.15,118,1,78.27,44.83,"Gamma","auth","alta","success"
13.89,10.85,124,2,88.3,32.78,"Beta","database","media","success"
10.64,9.5,109,5,44.94,11.52,"Alpha","database","alta","success"
11.03,12.54,126,1,78.42,5.05,"Beta","payments","media","success"
17.52,8.27,122,0,81.94,2.07,"Alpha","ui","baja","success"
10.64,8.02,131,1,70.66,6.38,"Gamma","auth","media","success"
12.08,6.46,118,3,72.94,18.9,"Gamma","database","media","success"
13.51,5,127,3,100,10.67,"Delta","database","baja","success"
10.27,7.25,104,0,67.65,20.83,"Gamma","payments","media","success"
19.84,6.52,129,2,72.85,31.88,"Delta","payments","baja","success"
6.29,6.71,141,4,68.86,22.39,"Delta","auth","baja","success"
20.05,8.93,117,2,55.06,12.39,"Gamma","auth","crítica","success"
10.59,6.88,115,3,49.51,8.98,"Gamma","database","alta","success"
17.43,0.5,127,2,63.57,5.59,"Beta","auth","baja","success"
4,7.48,117,3,100,14.41,"Gamma","payments","baja","success"
15.82,8.47,99,2,72.49,16.1,"Beta","ui","crítica","success"
15.51,7.82,125,0,75.85,14.88,"Beta","auth","crítica","success"
6.92,8.5,118,1,85.62,8.58,"Delta","ui","media","success"
8.93,6.87,109,1,89.22,2.94,"Beta","auth","baja","success"
12.77,10.38,125,4,83.1,21.65,"Beta","database","media","success"
16.58,7.15,137,0,62.98,20.87,"Alpha","api","crítica","success"
8.94,6.85,120,0,76.6,12.58,"Alpha","payments","baja","failed"
11.1,10.31,125,1,100,9.13,"Beta","payments","alta","success"
18.29,10.98,110,1,80.73,7.62,"Gamma","payments","alta","success"
7.49,6.95,99,0,98.46,10.33,"Alpha","database","media","success"
15.79,7.68,112,6,78.35,19.53,"Delta","payments","baja","success"
13.8,6.22,109,2,69.3,9.82,"Alpha","ui","media","success"
7.58,8.32,111,4,79.16,14.85,"Delta","database","media","success"
9.33,12.36,109,2,78.63,15.53,"Beta","ui","media","success"
15.13,10.19,135,2,82.11,6.1,"Alpha","database","crítica","success"
13,9.61,114,1,100,9.73,"Delta","auth","media","success"
17.7,9.17,118,1,61.37,13.38,"Beta","payments","media","success"
9.59,7.47,116,1,95.39,4.91,"Gamma","auth","baja","success"
5.14,3.84,119,3,76.68,5.66,"Beta","ui","alta","success"
16.19,9.87,131,0,91.65,3.96,"Alpha","ui","alta","success"
9.57,8.36,119,1,84.08,13.36,"Beta","payments","alta","success"
12.48,6.7,124,3,67.4,7.43,"Gamma","api","media","success"
18.88,11.28,122,3,71.12,11.66,"Delta","ui","alta","failed"
11,10.11,146,2,84.26,14.12,"Beta","api","media","success"
18.2,11.02,135,5,97.53,12.36,"Beta","api","alta","success"
7.61,9.87,122,3,67.19,18.96,"Gamma","payments","media","success"
15.7,6.09,124,2,89.89,19.69,"Beta","payments","baja","success"
12.99,7.36,142,3,87.13,7.6,"Beta","ui","media","success"
9.05,3.22,119,1,85.42,29.53,"Alpha","api","crítica","success"
6.88,7.5,145,1,86.8,3.28,"Alpha","auth","alta","success"
12.31,3.56,109,0,80.82,12.71,"Delta","api","crítica","success"
13.02,8.28,137,5,91.9,3.18,"Beta","api","crítica","failed"
13.11,8.39,124,1,85.08,21.96,"Beta","payments","media","success"
14.15,6.45,106,1,88.5,19.49,"Beta","database","media","success"
10.16,7.94,98,2,63.17,26.37,"Alpha","ui","media","success"
9.95,3.95,106,2,71.59,23.73,"Alpha","database","baja","success"
12.95,8.95,129,2,65.78,2.45,"Gamma","payments","crítica","failed"
9.83,12.76,123,4,86.79,33.76,"Gamma","database","crítica","success"
16.88,9.5,110,2,76.98,23.53,"Beta","database","alta","success"
12.7,12.33,120,3,96.44,6.55,"Beta","payments","alta","success"
9.54,7.63,139,1,70.51,3.73,"Delta","api","media","success"
4.77,7.32,137,1,81.46,11.94,"Beta","api","alta","success"
9.43,10.87,126,1,73.19,9.14,"Alpha","payments","media","success"
20.18,9.26,112,1,85.05,4.87,"Delta","ui","media","failed"
9.76,10,111,1,81.11,2.45,"Gamma","payments","alta","failed"
8.66,7.66,106,3,67.97,10.62,"Beta","ui","baja","failed"
14.61,7.88,129,2,88.25,9.52,"Delta","database","alta","success"
13.77,8.63,127,1,68.55,13.2,"Beta","payments","alta","success"
15.01,8.11,116,1,87.71,14.44,"Alpha","database","baja","rolled_back"
10.89,9.98,131,1,89.77,23.57,"Beta","payments","crítica","success"
16.49,7.08,131,3,91.57,9.4,"Delta","api","media","success"
7.31,5.7,118,1,80.29,26.8,"Alpha","ui","media","success"
11.8,11.7,121,2,91.25,3.68,"Gamma","database","baja","success"
9.18,6.16,114,2,72.67,8.46,"Beta","auth","alta","success"
14.72,8.72,135,2,80.18,15.56,"Delta","payments","baja","success"
12.52,3.35,119,4,91.05,17.41,"Delta","ui","crítica","success"
16.44,6.39,114,1,75.21,18.01,"Alpha","ui","alta","success"
20.23,14.05,120,4,89.02,18.12,"Gamma","ui","media","success"
12.56,8.23,122,6,100,20.43,"Beta","auth","media","success"
9.86,10.04,107,3,74.99,1.78,"Alpha","database","media","success"
8.71,9.36,113,2,78.46,3.79,"Gamma","payments","alta","success"
10.95,4.45,134,0,89.36,7.28,"Gamma","ui","media","success"
11.72,10.15,114,4,73.12,17.22,"Beta","api","media","success"
19.97,5.45,120,4,77.71,13.19,"Beta","ui","alta","success"
7.48,9.78,118,1,80.15,10.25,"Delta","auth","crítica","failed"
7.63,4.99,119,3,86.64,9.31,"Beta","auth","media","success"
10.37,7.92,124,3,78.27,8.84,"Alpha","auth","media","success"
14.35,9.33,106,5,76.62,5.9,"Beta","payments","alta","success"
15.28,7.18,108,1,56.83,7.81,"Delta","ui","alta","success"
8.37,7.64,126,1,71.54,17.49,"Gamma","api","alta","success"
12.51,9.43,109,1,89.89,8.92,"Beta","ui","alta","success"
11.83,9.8,125,1,81.14,20.23,"Beta","api","media","success"
16.78,11.79,122,1,80.43,12.87,"Alpha","payments","crítica","failed"
16.36,15.06,110,2,77.08,6.29,"Alpha","auth","alta","success"
10.75,7.72,131,3,49.36,1.47,"Alpha","auth","baja","success"
12.18,11.32,107,1,71.44,7.8,"Alpha","api","media","failed"
14.61,9.73,143,0,71.9,11.14,"Gamma","payments","media","failed"
5.39,8.17,112,3,80.3,6.15,"Delta","auth","media","success"
10.76,7.87,120,3,94.97,7.03,"Alpha","payments","baja","failed"
14.3,5.51,106,1,55.57,7.22,"Beta","ui","media","success"
9.91,10.48,111,1,85.33,11.77,"Delta","auth","alta","success"
11.76,10.59,121,2,68.76,14.53,"Alpha","auth","crítica","success"
11.92,6.75,140,3,71.78,9.37,"Beta","database","crítica","success"
9.11,5,115,1,88.22,20.01,"Gamma","auth","media","success"
8.02,8.08,114,1,79.26,9.42,"Delta","database","baja","rolled_back"
11.2,10.79,135,3,71.69,29.28,"Gamma","ui","crítica","success"
10.61,12.35,98,0,63.26,3.77,"Beta","payments","baja","success"
15.34,6.61,109,4,88.31,4.67,"Alpha","ui","alta","success"
18.12,7.7,132,2,67.52,13.74,"Alpha","auth","baja","success"
11.95,12.28,120,2,75.95,6.99,"Alpha","api","baja","success"
13.59,6.99,105,2,77.83,20.86,"Gamma","database","baja","success"
11.72,5.47,112,1,89.1,6.62,"Beta","auth","baja","success"
14.41,8.87,119,3,69.79,4.33,"Gamma","database","media","success"
12.87,13.94,115,3,70.58,16.66,"Alpha","ui","media","success"
12.95,6.12,130,2,93.22,3.95,"Beta","ui","alta","failed"
16.45,6.82,112,1,62.13,9.7,"Beta","auth","crítica","success"
8.05,7.74,128,1,95.86,15.8,"Beta","auth","alta","failed"
17.79,8.15,126,1,66.61,20.7,"Alpha","ui","media","success"
13.4,7.03,115,1,87.55,11.7,"Delta","auth","media","success"
12.72,9.2,134,0,73.77,21,"Delta","api","alta","success"
9.76,6.36,119,2,78.58,11.57,"Beta","database","baja","success"
11.34,7.66,108,1,81.75,6.37,"Gamma","auth","baja","success"
13.49,9.69,126,1,94,4.29,"Alpha","api","media","success"
3.75,8.33,97,4,82.08,2.16,"Alpha","ui","media","success"
9.59,9.72,101,2,84.12,11.56,"Gamma","api","alta","success"
14.34,4.52,121,1,90.62,34.86,"Delta","database","media","success"
10.82,5.92,131,2,84.04,13.57,"Delta","payments","alta","rolled_back"
8.8,7.61,135,3,93.13,20.16,"Delta","payments","media","success"
9.46,4.06,111,2,77.02,23.03,"Delta","ui","media","success"
12.94,8.48,127,0,63.63,14.87,"Alpha","auth","alta","failed"
5.46,10.3,127,2,80.98,2.2,"Gamma","auth","baja","success"
15.48,7.67,101,4,97.81,3.88,"Beta","ui","media","success"
3.32,3.9,103,1,82.96,16.94,"Alpha","auth","alta","success"
9.99,7.38,115,1,76.35,8.07,"Delta","ui","baja","failed"
8.85,4.75,140,0,85.99,7.17,"Alpha","api","alta","success"
7.01,7.34,118,0,69.05,20.41,"Alpha","database","media","success"
7.69,4.5,121,4,62.37,3.83,"Alpha","auth","alta","success"
13,2.89,107,2,87.15,11.05,"Alpha","database","baja","rolled_back"
11.52,10.13,113,2,82.74,3.58,"Alpha","database","alta","success"
10.8,8.65,121,1,73.72,28.08,"Gamma","auth","media","success"
2.72,5.09,103,4,70.62,13.47,"Gamma","auth","media","success"
6.7,4.47,120,2,85.04,7.21,"Gamma","payments","media","success"
11.47,4.93,132,2,74.85,2.91,"Alpha","database","media","success"
8.49,6.66,101,2,63.81,3.29,"Gamma","payments","alta","success"
8.81,11,103,1,61.31,5.53,"Alpha","auth","crítica","success"
16.2,8.95,108,6,85.86,34.61,"Alpha","payments","baja","success"
12.7,5.61,120,4,61.33,14.41,"Gamma","ui","media","failed"
7.82,10.44,134,3,76.17,13.46,"Gamma","database","baja","failed"
10.13,4.52,117,3,92.28,15.89,"Delta","api","media","success"
10.86,12.19,140,4,64.89,29.19,"Gamma","ui","media","success"
9.28,7.37,125,1,99.41,3.33,"Beta","auth","crítica","success"
8.14,11.58,115,4,80.81,15.17,"Beta","auth","media","failed"
11.79,5.46,138,2,76.03,10.62,"Alpha","api","baja","success"
14.96,7.92,135,2,80.57,12.37,"Delta","api","baja","success"
12.91,6.72,117,2,76.73,28.87,"Delta","database","alta","rolled_back"
11.2,8.85,136,2,85.7,11.85,"Delta","database","media","success"
13.55,5.57,102,1,77.11,5.78,"Beta","api","baja","success"
15.18,4.94,117,0,92.21,9.32,"Beta","auth","baja","failed"
11.44,5.63,132,2,77.97,11.26,"Alpha","payments","crítica","failed"
13.82,12.41,120,3,67.21,14.98,"Gamma","api","alta","success"
7.42,8.6,125,1,83.02,5.97,"Delta","ui","media","success"
11,10.57,116,3,94.36,15.15,"Beta","payments","baja","success"
10.32,6.09,122,2,85.08,14.95,"Delta","database","crítica","success"
12.78,7.72,127,1,93.15,16.84,"Alpha","auth","media","success"
13.43,7.77,122,1,68.49,30.44,"Alpha","payments","media","success"
11.51,7.31,115,1,79.33,3.87,"Delta","ui","alta","success"
8.94,7.65,118,1,84.55,11.65,"Beta","database","media","success"
8.28,8.74,115,3,87.91,7.41,"Alpha","auth","alta","success"
13.11,6.02,125,1,86.02,2.97,"Beta","auth","media","success"
17.43,9.93,118,3,80.91,8.44,"Gamma","ui","media","failed"
8.85,12.49,115,5,70.13,2.14,"Delta","payments","media","success"
10.46,7.85,124,1,76.97,17.35,"Alpha","payments","media","failed"
13.32,9.3,123,1,79.91,14.04,"Alpha","database","media","failed"
9.78,8.53,124,1,87.73,7.58,"Gamma","ui","alta","success"
12.49,7.91,133,2,54.07,6.97,"Beta","database","alta","success"
11.81,9.12,132,1,64.33,12.63,"Beta","database","baja","success"
8.89,7.86,113,3,86.98,31.2,"Gamma","database","media","success"
15.33,5.83,103,4,71.09,25.93,"Gamma","database","baja","success"
15.39,7.78,111,1,65.17,12.91,"Beta","auth","media","success"
16.1,11.04,123,2,64.2,15.56,"Gamma","api","media","success"
17.07,9.42,119,1,65.7,7.93,"Alpha","api","media","failed"
9.97,8.99,107,3,66.15,8.68,"Delta","ui","alta","success"
10.14,7.72,100,4,61.36,15.85,"Alpha","auth","baja","success"
13.04,9.38,115,2,78.62,9.96,"Beta","database","media","success"
14.52,2.93,113,2,72.34,18.66,"Beta","database","baja","success"
10.64,7.83,136,4,64.2,3.19,"Alpha","auth","media","success"
10.31,4.26,111,1,73.43,9.49,"Beta","ui","baja","success"
9.53,6.99,114,0,81.41,4.68,"Gamma","database","crítica","failed"
17.93,4.5,118,2,63.63,2.78,"Beta","payments","media","success"
1.97,11.17,112,2,69.29,9.6,"Gamma","ui","media","success"
11.33,6.28,121,3,71.68,7.42,"Delta","auth","media","success"
12.15,6.78,108,2,68.86,1.33,"Beta","api","baja","success"
7.76,11.09,109,2,63.22,2.68,"Beta","database","alta","success"
13.54,10.03,125,3,83.71,19.73,"Gamma","auth","media","success"
4.13,7.14,115,3,90.21,6.09,"Gamma","auth","media","success"
15.82,2.95,111,2,63.27,6.71,"Beta","auth","baja","failed"
5.35,10.09,112,1,71.12,37.21,"Alpha","payments","media","rolled_back"
3.19,7.07,108,0,71.14,37.82,"Gamma","database","media","success"
8.95,6.24,107,2,83.35,21.27,"Delta","auth","baja","success"
12.65,6.65,128,1,75.36,10.73,"Beta","ui","media","success"
9.39,5.2,113,3,74.41,12.17,"Beta","ui","crítica","success"
9.76,4.45,122,1,52.22,18.49,"Delta","auth","baja","success"
13.33,5.47,124,3,71.31,29.82,"Beta","ui","media","failed"
7.76,10.71,114,1,62.08,17.16,"Alpha","database","alta","success"
11.66,5.39,130,2,81.44,13.06,"Delta","api","media","success"
13.99,7.19,120,3,77.52,19.46,"Delta","ui","media","success"
18.54,9.31,109,1,70.82,3.89,"Alpha","payments","crítica","failed"
13.92,9.11,122,3,87.54,11.03,"Delta","database","media","rolled_back"
18.86,3.13,118,1,46.1,17.57,"Gamma","payments","alta","success"
13.81,11.65,118,1,72.79,7.7,"Gamma","ui","media","success"
11.99,8.44,137,1,85.95,1.2,"Gamma","payments","crítica","success"
2.97,10.5,131,1,77,9.05,"Gamma","ui","alta","success"
7.1,5.66,125,2,83.41,6.92,"Delta","ui","media","success"
10.72,6.88,104,4,89.07,20.75,"Delta","auth","baja","success"
14.85,7.33,98,1,86.5,7.15,"Delta","auth","baja","success"
10.71,9.63,133,5,84.96,9.54,"Delta","auth","baja","success"
14.17,4.95,103,2,85.55,20.58,"Gamma","ui","alta","success"
7.74,6.8,116,2,53.92,13.62,"Gamma","database","baja","success"
10.9,9.56,136,3,79.03,5.2,"Beta","auth","baja","success"
12.87,10.74,118,1,81.41,23.41,"Gamma","auth","media","success"
10.56,5.74,125,2,77.17,24.11,"Delta","auth","crítica","success"
12.45,11.53,134,1,55.75,3.16,"Alpha","ui","baja","success"
9.32,7.67,132,2,66.4,23.09,"Alpha","database","baja","success"
13.5,7.52,119,2,68.13,29.12,"Beta","auth","media","success"
11.68,9.68,132,2,89.69,12.66,"Beta","auth","alta","success"
11.81,10.19,113,3,75.63,11.23,"Beta","payments","media","success"
4.2,6.1,135,0,87.5,4.65,"Alpha","ui","alta","success"
9.31,10.16,126,7,80.27,11.29,"Gamma","database","alta","success"
6.04,5.63,109,4,67.14,19.77,"Delta","database","media","success"
5.58,10.1,126,2,74.68,27.45,"Gamma","payments","media","success"
10.02,6.67,133,4,81.52,3.53,"Beta","payments","baja","success"
11.36,6.03,134,3,66.79,16.75,"Beta","database","baja","rolled_back"
13.13,10.65,118,0,83.55,18.99,"Gamma","ui","media","success"
16.37,9.18,145,0,90.87,29.18,"Alpha","payments","crítica","success"
13.78,4.96,113,4,95.43,12.33,"Delta","api","media","success"
16.05,10.18,109,2,100,9.05,"Delta","auth","media","failed"
9.89,7.33,123,1,68.29,8.48,"Gamma","database","baja","success"
10.77,9.42,122,2,70.82,8.08,"Alpha","ui","media","success"
16.34,9.14,103,0,70.24,8.18,"Beta","database","media","success"
12,5.58,111,4,68.31,7.22,"Alpha","database","baja","success"
5.28,7.71,125,0,85.25,8.64,"Delta","payments","media","success"
8.61,7.94,122,1,55.8,5.85,"Alpha","ui","alta","success"
16.03,6.91,112,4,94.88,7.04,"Delta","database","alta","success"
9.56,3.01,107,0,60.54,8.91,"Gamma","database","media","success"
13.33,6.73,116,2,61.85,6.99,"Beta","database","baja","failed"
12.06,9.23,118,1,79.09,16.26,"Beta","auth","crítica","rolled_back"
10.01,10.42,113,0,69,6.62,"Gamma","auth","baja","failed"
10.6,10.86,108,1,68.64,23.51,"Gamma","auth","media","success"
13.57,9.78,133,1,84.15,15.36,"Gamma","ui","crítica","success"
12.84,7.5,117,3,76.5,9.68,"Delta","api","crítica","failed"
16.94,7.14,112,0,89.43,10.38,"Delta","api","alta","success"
11.2,6.55,133,2,80.46,7.21,"Gamma","auth","media","success"
8.31,10.35,118,2,77.14,0.52,"Alpha","auth","crítica","success"
12.66,6.49,131,2,89.36,6.29,"Gamma","auth","baja","success"
14.82,8.51,106,4,100,5.68,"Delta","ui","baja","success"
21.13,10.32,124,4,70.42,7.97,"Alpha","api","baja","success"
10.15,8.9,113,3,77.7,8.21,"Delta","auth","media","success"
10.69,8.47,129,3,87.64,25.6,"Beta","api","media","success"
15.53,6.95,123,2,77.43,8.87,"Delta","api","media","success"
17.13,5.09,124,1,84.16,4.81,"Delta","payments","media","failed"
9.37,7.31,110,2,100,1.02,"Delta","api","crítica","success"
14.66,5.86,150,2,95.62,9.07,"Beta","payments","media","success"
9.74,8.35,133,3,76.54,9.81,"Delta","ui","media","success"
8.15,8.08,140,1,86.14,7.98,"Delta","api","baja","rolled_back"
14.49,7.16,116,4,85.34,15.43,"Alpha","auth","crítica","success"
12.43,9.45,123,4,76.11,14.37,"Delta","auth","media","success"
13.56,11.64,126,3,64.18,9.98,"Beta","payments","alta","success"
9.68,8.14,119,4,72.98,23.88,"Alpha","database","media","success"
19.18,9.35,114,1,82.38,25.53,"Delta","payments","baja","rolled_back"
14.66,5.43,126,1,86.73,3.9,"Beta","auth","media","failed"
10.5,7.75,124,3,73.02,8.74,"Alpha","api","alta","success"
14.81,8.08,119,0,75.32,12.64,"Gamma","ui","media","success"
7.14,9.15,112,1,72.08,11.71,"Gamma","ui","baja","success"
11.45,8.96,121,4,56.95,10.12,"Gamma","database","baja","success"
17.61,8.43,108,1,67.41,7.04,"Beta","database","alta","success"
11.24,8.98,141,2,80.19,8.61,"Beta","database","media","success"
15.64,5.78,131,3,74.54,5.75,"Alpha","ui","baja","success"
11.11,8.48,109,0,73.13,4.75,"Alpha","api","alta","success"
2.81,3.93,111,1,72.08,21.56,"Delta","auth","media","success"
8.48,10.28,117,2,64.66,9.13,"Delta","api","alta","success"
12.89,9.71,132,2,88.67,1.41,"Beta","api","media","success"
17.79,7.88,138,1,81.43,15.47,"Alpha","api","alta","success"
9.63,12.22,127,4,61.08,16.53,"Alpha","database","media","success"
13.1,6.63,112,1,67.01,26.88,"Beta","ui","baja","success"
8.14,11.18,125,1,80.83,21.23,"Delta","database","alta","success"
7.93,9.75,118,2,69.19,2.92,"Delta","payments","media","success"
8.89,13.47,124,5,71.71,11.89,"Beta","auth","alta","success"
17.48,11.17,93,0,78.01,9.17,"Delta","ui","media","success"
15.76,9.9,119,4,83.88,5.69,"Alpha","api","media","success"
14.37,9.46,121,2,80.5,8.79,"Beta","database","alta","success"
16.46,9.33,124,2,90.75,9.29,"Delta","ui","baja","success"
10.3,10.16,141,1,73.41,4.52,"Delta","api","baja","success"
15.04,9.91,115,2,63.79,6.83,"Gamma","payments","crítica","success"
12.84,11,109,2,82.17,8.58,"Delta","api","baja","rolled_back"
7.8,7.65,137,1,74.98,3.17,"Gamma","api","media","success"
8.68,12.43,129,4,72.09,10.01,"Delta","api","baja","rolled_back"
12.2,7.94,111,2,76.09,5.12,"Delta","database","alta","success"
12.82,4.74,116,1,100,13.23,"Delta","database","alta","success"
10.71,11.19,124,4,53.37,5.97,"Delta","auth","media","success"
8.01,4.44,112,3,78.67,7.71,"Gamma","api","media","success"
3.64,8.1,101,5,73.81,12.72,"Beta","payments","alta","rolled_back"
13.7,5.88,116,1,70.08,6.54,"Beta","auth","baja","success"
10.82,11.27,115,1,77.26,28.72,"Gamma","ui","media","success"
14.2,9.66,126,1,69.24,0.35,"Alpha","auth","media","success"
5.82,6.29,134,1,58.75,6.24,"Gamma","auth","crítica","success"
6.99,10.67,124,2,60.44,10.34,"Gamma","api","baja","success"
11.55,8.54,95,2,78.49,6,"Delta","database","alta","success"
6.35,9.74,112,1,96.87,15.29,"Alpha","api","alta","success"
4.07,10.28,111,3,74.19,4.94,"Beta","database","baja","failed"
15.13,6.73,112,0,86.87,5.15,"Alpha","api","media","success"
15.6,8.67,128,0,82.96,13.27,"Alpha","database","alta","success"
7.88,1.68,121,1,74.34,16.28,"Alpha","api","crítica","success"
10.91,7.12,109,0,98.01,5.87,"Alpha","payments","baja","success"
7.46,10.12,119,5,91.29,4.07,"Delta","payments","alta","success"
13.27,10.55,121,2,73.7,2.63,"Beta","api","media","success"
11.88,9.49,119,1,89.28,11.65,"Gamma","ui","media","success"
8.52,8.62,117,3,80.46,5.7,"Alpha","database","media","success"
8.9,9.87,105,0,64.56,9.73,"Gamma","auth","crítica","failed"
7.75,5.68,115,3,65.81,18.28,"Beta","payments","baja","success"
13.75,6.31,107,2,93.1,4.83,"Alpha","ui","media","success"
14.28,5.72,116,2,65.99,26.66,"Gamma","ui","crítica","success"
13.51,8.88,108,1,73.11,16.49,"Beta","payments","media","success"
8.63,8.16,125,2,70.5,9.12,"Beta","payments","crítica","success"
4.86,8.98,131,0,74.71,4.79,"Beta","database","media","success"
14.12,8.98,107,1,75.79,3.57,"Gamma","ui","media","success"
11.29,10.9,100,2,74.29,18.39,"Gamma","database","media","failed"
11.84,12.35,114,5,78.66,28.37,"Alpha","auth","media","success"
16.13,4.73,115,0,67.48,5.05,"Beta","ui","baja","success"
8.43,9.09,109,3,81.89,8.05,"Alpha","database","media","success"
16.58,6.48,124,0,78.16,17.51,"Beta","ui","alta","failed"
10.35,11.53,129,5,78.89,13.24,"Gamma","api","media","success"
9.15,9.75,133,0,73.7,16.39,"Beta","auth","crítica","success"
11.18,10.98,142,1,85.56,5.08,"Alpha","database","media","failed"
13.56,4.91,94,4,59.98,8.92,"Beta","api","baja","success"
11.17,8.21,97,2,78.04,22.84,"Gamma","database","baja","success"
8.4,12.03,114,1,87.65,11.31,"Gamma","ui","media","success"
10.87,5.84,115,2,88.32,11.74,"Beta","database","baja","success"
1.83,5.51,146,1,83.92,23.09,"Delta","payments","media","success"
9.97,7.64,138,0,79.65,4.59,"Alpha","ui","baja","failed"
13.82,6.33,118,2,66.98,5.56,"Beta","auth","baja","failed"
11.32,10.08,134,1,62.83,6.97,"Beta","api","media","success"
14.75,6.94,111,1,81.82,27.2,"Delta","ui","baja","success"
13.94,7.48,125,6,92.91,11.85,"Beta","database","media","success"
14.58,4.63,123,2,92.78,9.55,"Delta","database","baja","failed"
14.62,8.88,131,3,62.51,15.11,"Delta","api","media","success"
5.05,9.69,125,0,76.42,29.26,"Beta","auth","alta","success"
12.02,4.79,119,1,60.19,11.26,"Beta","api","baja","success"
18.52,11.62,119,2,74.78,36.79,"Alpha","auth","media","success"
10.08,5.68,128,3,79.7,19.51,"Delta","auth","baja","success"
13.81,9.14,122,1,86.26,17.56,"Alpha","payments","crítica","success"
12.57,8.43,115,2,74.7,6.81,"Alpha","database","media","success"
14.23,5.81,122,3,74.02,20.92,"Beta","database","alta","success"
10.91,6.62,120,0,85.52,13.6,"Delta","api","baja","rolled_back"
9.41,10.37,124,1,58.3,33.32,"Beta","database","alta","success"
12.29,7.84,105,0,71.17,10.04,"Alpha","api","media","success"
12.83,7.59,116,2,62.69,7.98,"Gamma","auth","crítica","success"
11.26,10.32,119,2,100,10.75,"Alpha","auth","crítica","success"
12.13,8.95,127,3,78.33,23.45,"Delta","database","media","failed"
13.65,7.41,89,4,66.84,6.05,"Delta","api","media","rolled_back"
8.9,8.48,94,0,96.91,28.69,"Delta","database","baja","success"
16.56,4.67,98,5,90.47,8.85,"Alpha","auth","baja","success"
20.8,8.65,117,1,83.92,16.39,"Alpha","auth","alta","success"
17.91,13.48,105,5,87.63,25.18,"Beta","payments","baja","failed"
10.18,7.44,118,1,83.38,3.98,"Alpha","database","alta","success"
4.71,6.6,109,1,100,5.28,"Alpha","database","media","rolled_back"
12.22,11.44,129,0,79.71,6.31,"Beta","database","media","success"
15.52,10.09,108,1,100,8.49,"Delta","auth","media","success"
15.11,11.55,118,3,87.45,11.07,"Alpha","payments","media","failed"
7.08,9.48,118,1,79.32,23.06,"Beta","payments","media","success"
7.55,9.02,102,0,76.61,6.52,"Alpha","database","baja","rolled_back"
12.53,9.72,114,2,83.91,13.85,"Beta","auth","media","success"
14.5,5.86,122,3,48.29,32.57,"Delta","payments","baja","failed"
15.49,8.67,123,2,84.34,12.59,"Alpha","auth","baja","success"
15.27,9.1,118,0,58.7,15.36,"Alpha","database","baja","success"
8.13,12.67,116,4,66.35,25.52,"Gamma","payments","media","failed"
6.75,10.14,114,5,68.49,6.54,"Delta","payments","baja","success"
3.95,12.09,129,0,99.19,22.48,"Gamma","database","baja","success"
14.02,8.15,116,3,59.09,9.32,"Beta","database","baja","success"
15.31,5.9,117,4,100,7.67,"Beta","payments","baja","success"
13.34,5.96,120,3,71.95,12.68,"Gamma","database","media","success"
7.76,4.78,112,2,95.13,20.41,"Delta","ui","media","success"
18.27,3.51,116,3,82.3,13.18,"Gamma","database","media","success"
10.52,7.06,127,4,69.16,4.67,"Alpha","auth","crítica","success"
19.12,6.8,114,4,89.95,2.97,"Alpha","database","baja","success"
14.21,11.54,131,2,99.46,16.23,"Delta","database","baja","success"
16.76,3.93,122,1,79.08,8.71,"Gamma","auth","baja","success"
13.32,8.4,123,1,76.63,9.39,"Delta","payments","media","success"
11.74,6.93,128,0,90.26,8.89,"Gamma","auth","media","rolled_back"
7.95,9.64,118,3,74.08,16.51,"Gamma","ui","media","success"
9.77,9.93,117,1,66.82,6.21,"Gamma","payments","alta","success"
11.81,5.9,127,1,83.57,31.59,"Alpha","ui","media","failed"
13.13,7.58,121,0,77.25,3.44,"Delta","ui","media","success"
11.87,7.46,118,2,75.07,6,"Delta","database","media","success"
11.29,5.37,131,1,86.92,29.42,"Gamma","ui","baja","success"
12.73,8.29,123,1,88.69,2.7,"Delta","ui","baja","success"
9.9,7.09,130,1,49.56,7.3,"Beta","api","baja","success"
9.86,6.38,114,3,86.65,6.65,"Delta","payments","alta","success"
6.18,5.46,114,1,93.09,11.64,"Delta","ui","alta","success"
15.39,8.15,109,1,73.43,7.32,"Alpha","payments","media","success"
12.19,8.2,115,2,84.77,1.91,"Beta","database","media","success"
11.67,6.39,134,0,83.24,14.79,"Alpha","ui","media","success"
9.04,12,123,1,79.42,8.38,"Delta","auth","baja","success"
11.01,5.1,122,1,79.58,8.9,"Alpha","auth","alta","success"
7.65,7.53,111,1,85.23,16.34,"Gamma","database","alta","success"
7.8,6.18,136,1,94.95,6.82,"Gamma","payments","alta","success"
4.32,10.14,99,2,87.44,28.8,"Alpha","payments","alta","success"
15.93,10.79,138,1,82.16,9.54,"Delta","auth","media","success"
12.5,1.85,121,4,94.65,13.77,"Delta","database","baja","failed"
7.53,6.55,115,2,83.47,11.85,"Delta","ui","baja","success"
16.66,3.24,115,4,79,5,"Beta","api","baja","success"
14.5,12.59,132,4,85.12,7.18,"Beta","payments","alta","success"
14.97,8.35,110,2,70.8,19.12,"Alpha","api","alta","success"
11.1,9.1,110,0,85.53,21.34,"Beta","auth","alta","rolled_back"
10.31,8.04,130,4,90.45,18.35,"Delta","database","media","success"
11.61,4.11,132,2,77.58,6.91,"Alpha","api","baja","rolled_back"
13.62,4.04,139,1,82.73,23.72,"Delta","auth","baja","success"
15.2,10.2,103,4,68.85,15.42,"Alpha","payments","baja","success"
18.36,8.91,117,3,70.54,18.85,"Alpha","database","media","rolled_back"
9.96,6.18,136,5,68.92,2.47,"Gamma","payments","media","failed"
7.94,4.43,126,1,66.69,22.45,"Gamma","ui","crítica","success"
12.4,9.73,119,2,75.45,7.36,"Delta","api","alta","failed"
24.09,5.74,131,2,68.69,14,"Gamma","payments","crítica","success"
10.29,7.25,125,3,79.17,2.38,"Gamma","database","alta","success"
16.58,9.97,120,1,75.62,19.56,"Gamma","api","media","success"
11.03,5.79,132,1,74.07,8.81,"Gamma","api","media","success"
10.09,4.69,114,1,85.1,8.29,"Delta","auth","alta","success"
9.16,12.83,110,3,97.79,8.69,"Beta","auth","media","success"
11.16,6.69,126,2,56.61,12.46,"Gamma","payments","media","success"
18.57,12.48,132,3,67.16,6.08,"Alpha","api","baja","success"
13.21,6.83,97,3,70.69,17.21,"Alpha","payments","media","success"
13.95,9.07,135,3,61.87,2.72,"Gamma","database","alta","success"
15.35,9.31,111,1,89.6,23.28,"Beta","auth","media","success"
20.29,5.06,124,3,90.29,14.69,"Delta","ui","crítica","success"
15.1,6.16,144,3,85.74,16.52,"Delta","auth","crítica","success"
6.29,12.67,107,3,72.85,3.55,"Gamma","payments","crítica","success"
7.87,7.94,122,1,85.82,5.1,"Beta","api","baja","success"
5.64,10.65,116,1,69.73,13.87,"Gamma","database","crítica","rolled_back"
0.61,3.9,119,0,82.17,1.57,"Gamma","database","media","success"
17.16,10.33,121,2,79.2,5.33,"Alpha","auth","media","success"
10.03,7.24,121,2,95.54,1.07,"Alpha","database","alta","rolled_back"
13.58,7.56,136,3,72.68,4.57,"Gamma","api","media","success"
16.73,6.66,143,1,93.39,2.4,"Gamma","api","media","success"
9.95,7.82,121,1,78.77,18.1,"Beta","ui","baja","success"
11.46,8.48,134,1,60.48,34.24,"Delta","api","crítica","success"
13.4,3.67,138,3,60.61,2.54,"Delta","ui","media","success"
12.9,6,111,0,76.83,12.12,"Alpha","api","baja","success"
8.9,9.13,119,1,63.01,7.71,"Delta","auth","alta","success"
14.92,7.7,120,1,76.67,8.53,"Delta","ui","media","success"
14.18,8.26,119,1,69.52,22.88,"Alpha","ui","media","success"
10.85,7.25,111,3,89.71,26.27,"Beta","api","alta","success"
7.11,11.05,102,2,81.52,6.08,"Alpha","ui","alta","success"
14.53,8,133,2,95.15,17.12,"Beta","ui","media","success"
17.71,7.8,139,3,72.24,6.55,"Beta","database","baja","success"
17.52,9.73,109,2,83.32,1.82,"Delta","ui","alta","success"
15.49,13.74,120,2,56.11,20.51,"Delta","ui","media","rolled_back"
10.07,9.36,121,2,88.07,10.88,"Gamma","auth","media","success"
9.87,10.9,108,1,66.91,9.06,"Beta","api","media","success"
9.65,5.94,122,3,72.15,10,"Beta","payments","alta","success"
10.35,8.18,126,1,85.94,24.89,"Gamma","database","crítica","success"
14.84,6.77,126,3,70.59,11.04,"Alpha","api","media","success"
13.03,10.24,134,0,100,7.28,"Delta","database","baja","success"
4.57,8.36,121,0,66.07,10.97,"Delta","payments","baja","success"
4.56,9.6,125,1,83.49,14.2,"Delta","database","media","success"
11.91,14.7,120,3,60.03,16.28,"Alpha","api","crítica","success"
12.6,6.36,126,0,50.08,8.63,"Gamma","auth","media","success"
2.77,9.38,130,1,100,35.53,"Gamma","payments","crítica","rolled_back"
8.73,5.43,119,3,87.74,16.76,"Alpha","database","baja","success"
12.11,6.17,113,3,70.73,16.76,"Alpha","ui","media","success"
17.85,10.77,113,3,95.69,9.05,"Delta","auth","media","success"
3.95,7.79,107,2,66.08,11.27,"Gamma","payments","crítica","success"
6.98,8.88,102,1,53.83,8.04,"Gamma","payments","media","success"
7.68,6.21,88,1,65.34,17.71,"Gamma","auth","crítica","success"
12.7,7.67,122,2,90.53,20.11,"Gamma","payments","media","success"
13.32,5.53,121,1,60.67,10.27,"Delta","auth","baja","failed"
10.72,9.48,113,1,84.65,16.11,"Delta","database","media","success"
5.55,5.71,120,6,70.77,18.07,"Beta","ui","alta","rolled_back"
9.48,7.2,123,4,86.71,11.57,"Delta","api","alta","success"
9.76,6.92,117,2,80.62,4.77,"Alpha","database","media","success"
11.19,8.39,122,1,73.04,4.28,"Alpha","database","crítica","success"
18.49,6.99,143,5,49.67,3.13,"Delta","api","media","success"
9.29,4.76,114,1,99.19,14.22,"Alpha","payments","media","rolled_back"
12.31,8.7,145,1,77.19,11.84,"Beta","database","media","success"
9.18,9.91,129,0,89.78,24.41,"Gamma","payments","crítica","success"
7.04,12.18,138,0,56.38,7.33,"Gamma","auth","baja","success"
14.54,4.37,125,0,79.61,9.24,"Alpha","payments","baja","success"
7.8,11.56,121,1,81.41,17.92,"Alpha","auth","baja","success"
22.94,5.44,124,3,93.68,12.13,"Alpha","api","alta","success"
12.37,7.53,136,2,43.7,9.51,"Delta","api","media","success"
12.24,4.97,126,2,85.9,7.46,"Beta","payments","alta","success"
11.73,11.82,129,2,76.78,18.98,"Beta","database","crítica","success"
19.37,8.35,97,2,50.69,22.93,"Alpha","api","media","success"
14.66,7.89,121,3,70.28,2.08,"Beta","database","baja","failed"
11,9.09,109,1,74.32,10.39,"Gamma","api","baja","success"
7.34,15.14,123,1,83.85,10.53,"Beta","payments","alta","failed"
7.85,6.36,131,2,70.98,1.07,"Gamma","api","baja","rolled_back"
8.86,9.12,128,1,89.5,9.83,"Beta","database","baja","success"
16.86,8.24,120,3,63.36,22.39,"Alpha","ui","baja","success"
11.24,8.43,128,1,100,20.09,"Delta","payments","crítica","success"
8.97,10.79,120,1,82.09,6.1,"Gamma","auth","media","success"
15.17,8.51,135,4,82.74,12.76,"Beta","payments","baja","success"
17.38,7.8,107,1,92.52,8.47,"Alpha","database","alta","success"
9.22,8.79,107,2,65.03,15.83,"Delta","database","crítica","success"
10.22,6.22,112,1,88.39,7.63,"Gamma","payments","alta","rolled_back"
13.38,12.69,108,1,65.98,7.15,"Alpha","ui","media","success"
11.98,12.65,117,1,89.87,6.04,"Alpha","api","media","success"
13.63,6.01,124,4,78.21,10.83,"Gamma","api","media","success"
18.86,3.28,137,5,76.31,15.99,"Delta","ui","media","success"
11.76,12.88,135,2,74.59,14.85,"Gamma","database","media","success"
10.88,9.23,135,1,81.52,3.61,"Delta","auth","media","failed"
13.94,4.48,131,4,78.44,4.64,"Gamma","database","baja","success"
11.8,5.97,130,4,89.92,28.75,"Delta","auth","alta","success"
14.51,5.43,122,0,95.32,11.87,"Gamma","auth","alta","success"
11.1,8.33,109,2,71.79,10.02,"Beta","ui","baja","success"
13.77,7.31,113,4,75.66,11.07,"Alpha","api","baja","success"
5.75,11.44,129,0,79.2,11.04,"Alpha","payments","media","rolled_back"
12.06,12.65,111,2,79.69,6.05,"Delta","ui","media","success"
9.94,10.27,114,1,84.03,15.73,"Beta","payments","media","success"
7.24,7.95,101,1,61.62,25.45,"Delta","auth","media","success"
10.35,10.79,106,4,62.99,14.74,"Delta","payments","media","failed"
13.49,6.13,124,0,96.08,20.22,"Gamma","api","media","failed"
12.37,6.38,123,5,71.23,6.27,"Alpha","ui","alta","success"
14.77,8.06,112,6,65.6,24.87,"Gamma","api","alta","success"
15.76,7.54,116,1,88.84,24.56,"Delta","payments","baja","success"
15.31,6.06,133,1,80.29,10.42,"Delta","auth","baja","success"
10.7,8.93,137,4,62.19,8.3,"Alpha","auth","alta","success"
6.69,6.44,130,1,59.36,12.15,"Beta","api","baja","success"
10.88,10.84,102,2,55.87,20.57,"Gamma","auth","alta","success"
16.68,7.12,137,1,87.46,8.89,"Delta","database","baja","success"
11.51,7.1,117,1,75.55,7.94,"Alpha","api","media","rolled_back"
5.45,7.84,112,3,77.46,4.28,"Gamma","api","alta","success"
13.97,11.4,109,1,78.92,4.47,"Delta","auth","baja","success"
13.13,9.53,119,2,56.96,16.12,"Gamma","api","alta","success"
10.4,8.91,122,1,79.04,7.42,"Gamma","auth","media","success"
12.69,10.56,121,1,82.04,10.82,"Gamma","auth","media","success"
17.48,5.29,129,1,76.84,6.57,"Beta","api","alta","failed"
17.2,10.87,114,2,87.59,4.26,"Beta","api","media","success"
10.17,8.02,108,1,66.98,0.74,"Delta","payments","media","success"
12.04,4.39,120,4,66.24,7.57,"Gamma","auth","media","success"
6.18,6.53,109,0,75.5,22.35,"Gamma","auth","media","success"
9.09,7.09,124,1,80.1,6.21,"Beta","ui","media","success"
20.03,11.8,135,3,51.97,27,"Delta","database","alta","failed"
17.99,3.01,117,3,78.55,12.03,"Delta","api","media","rolled_back"
11.08,7.13,106,4,92.81,7.29,"Gamma","database","media","success"
9.23,5.59,127,1,63.86,2.18,"Beta","payments","baja","success"
6.53,8.67,112,2,75.17,14.19,"Beta","database","media","rolled_back"
20.5,8.05,135,3,73.43,5.51,"Beta","payments","media","success"
12.46,10.64,103,2,66.91,6.9,"Alpha","api","media","success"
9.62,10.48,135,2,82.3,26.03,"Delta","database","media","success"
16.31,9.78,118,4,84.49,21.78,"Alpha","ui","media","success"
7.6,12.49,123,4,66.65,3.73,"Delta","database","media","success"
14.91,5.3,119,0,79.55,13.16,"Beta","database","crítica","success"
17.76,6.77,140,4,59.67,21.62,"Alpha","database","media","success"
11.16,10.41,121,1,71.73,13.93,"Alpha","api","media","success"
17.81,6.54,125,2,70.54,13.63,"Beta","database","baja","rolled_back"
14.57,4.88,121,4,65,8.11,"Alpha","api","media","success"
9.28,8.88,108,1,85.05,18.61,"Beta","auth","alta","success"
14.3,10.04,107,3,92.53,15.94,"Beta","database","baja","failed"
9.18,6.71,134,3,74.64,5.33,"Gamma","payments","media","success"
9.86,1.27,111,3,90.88,10.25,"Gamma","payments","media","success"
15.1,5.26,129,3,87.47,24.69,"Beta","auth","crítica","success"
10.1,4.86,129,3,75.65,7.65,"Gamma","auth","baja","success"
11.9,6.41,115,0,82,41.12,"Alpha","payments","crítica","success"
16.08,7.02,114,0,84.59,32.27,"Delta","api","alta","success"
7.18,10.49,125,3,67.19,21.01,"Delta","api","baja","success"
18.38,4.44,130,3,79.59,12.56,"Gamma","payments","media","success"
20.17,6.47,123,1,90,3.68,"Alpha","payments","alta","failed"
14.46,6.15,102,1,95.71,5.94,"Gamma","database","media","failed"
13.69,11.57,142,1,59.14,10.36,"Beta","api","media","success"
10.01,4.27,121,1,69.63,8.16,"Gamma","api","baja","failed"
13.96,4.14,137,3,64.22,10.4,"Gamma","payments","alta","success"
9.99,10.6,116,1,75.98,7.28,"Gamma","auth","media","success"
13.15,8.09,106,0,61.86,4.08,"Alpha","api","media","success"
9.25,6.54,126,3,70.62,2.26,"Alpha","ui","media","success"
15.15,6.2,101,1,80.14,14.95,"Gamma","auth","baja","success"
14.77,1.54,135,3,100,14.39,"Alpha","api","baja","rolled_back"
16.97,8.68,129,3,86.24,12.72,"Alpha","ui","alta","success"
19.93,7.65,114,4,59.98,10.76,"Beta","ui","crítica","success"
9.41,10.76,113,3,71.74,5.67,"Beta","payments","media","success"
15.86,6.81,130,2,78.05,10.29,"Gamma","database","alta","success"
6.29,10.52,126,1,77.59,10.89,"Alpha","database","media","success"
10.17,8.63,125,2,100,11.17,"Alpha","ui","crítica","success"
15.78,9.85,118,1,73.13,10.84,"Beta","auth","alta","success"
9.05,3.51,130,4,92.32,21.72,"Beta","ui","baja","success"
13.38,10.48,138,3,84.81,20.02,"Alpha","database","alta","success"
8.4,9.96,101,0,62.72,20.89,"Beta","database","alta","success"
10.52,11.28,115,4,66.67,6,"Gamma","api","media","success"
11.84,7.86,107,6,78.83,10.48,"Alpha","ui","alta","rolled_back"
9.55,5.29,135,1,100,27.99,"Alpha","auth","alta","success"
4.22,7.65,134,4,71.74,12.69,"Alpha","payments","baja","success"
12.97,9.89,118,2,82.54,6.52,"Alpha","ui","media","success"
13.9,10.2,128,0,56.43,15.49,"Delta","api","alta","success"
12.55,11.32,123,2,77.99,13.61,"Delta","api","media","success"
10.05,7.83,122,2,73.69,9.39,"Beta","payments","media","success"
15.6,11.95,128,0,69.29,25.14,"Delta","database","baja","success"
16.31,6.03,131,2,55.85,9.04,"Gamma","api","alta","success"
2.51,1.3,116,2,75.64,6.42,"Beta","payments","baja","success"
16.5,8.57,108,1,64.01,16.74,"Beta","payments","baja","success"
4.88,7.91,112,0,69.07,7.45,"Beta","auth","baja","success"
10.62,4.74,123,0,78.05,21.11,"Alpha","api","alta","success"
7.56,8.34,109,2,75.87,16.53,"Gamma","auth","alta","success"
9.48,4.91,102,1,64.61,6.31,"Beta","database","alta","success"
17.27,5.91,103,4,97.9,6.29,"Gamma","auth","media","success"
14.14,11.5,106,2,84.13,8.1,"Beta","auth","media","success"
13.98,0.35,118,1,60.53,5.23,"Delta","database","media","success"
3.69,8.8,140,1,71.3,6.06,"Gamma","payments","baja","success"
12.79,6.86,108,3,70.42,2.94,"Beta","database","crítica","success"
14.52,6.44,123,1,73.68,17.75,"Gamma","database","alta","failed"
15.44,8.33,139,3,74.1,15.35,"Gamma","payments","baja","success"
8.11,6.79,114,1,82.39,5.47,"Alpha","database","media","success"
15.75,6.67,124,1,72.3,13.3,"Gamma","database","media","success"
6.42,4.53,122,2,68.74,5.1,"Beta","auth","crítica","success"
18.95,12,130,3,84.79,28.15,"Delta","database","media","rolled_back"
8.81,10.26,102,3,63.98,6.27,"Delta","ui","crítica","success"
15.06,4.83,124,1,63.45,14.69,"Delta","payments","baja","rolled_back"
13.27,7.22,110,3,76.77,4.39,"Beta","api","alta","success"
7.75,9.65,122,3,75.08,10.37,"Alpha","database","media","success"
16.58,6.59,125,2,73.89,11.08,"Alpha","api","media","success"
12.13,8.11,116,3,75.52,14.39,"Alpha","ui","media","rolled_back"
15.27,8.29,128,3,79.46,23.83,"Delta","auth","alta","success"
12.87,12.08,136,1,100,25.09,"Alpha","payments","alta","success"
15.47,6.04,118,4,81.06,3.45,"Gamma","auth","media","rolled_back"
12.09,9.92,113,1,72.36,3.09,"Alpha","auth","baja","success"
16.46,6.52,117,7,57.46,25.8,"Delta","auth","baja","success"
10.59,7.31,106,2,64.48,8.2,"Gamma","payments","baja","success"
14.11,7.88,123,2,91.96,20.15,"Gamma","database","media","failed"
13.51,8.78,119,1,71.65,6.32,"Alpha","auth","baja","failed"
15.38,8.27,129,0,67.04,2.01,"Delta","auth","baja","success"
9.52,6.8,132,1,68.91,3.01,"Gamma","payments","media","success"
12.71,7.97,95,0,63.24,17.56,"Delta","database","alta","success"
9.68,8.63,112,4,82.65,21.98,"Gamma","auth","media","success"
15.63,9.05,95,1,100,10.41,"Delta","database","alta","success"
9.45,4.65,112,4,48.94,19.59,"Delta","payments","alta","success"
18.93,7.45,135,2,92.25,10.9,"Delta","payments","media","success"
15.16,12.5,116,1,73.89,3.91,"Delta","payments","alta","success"
11.95,6.58,132,1,82.31,7.3,"Delta","auth","alta","success"
16.82,8.13,112,3,67.55,26.88,"Delta","ui","baja","rolled_back"
11.66,10.49,106,2,100,24.51,"Delta","payments","baja","failed"
14.25,4.95,124,2,82.51,8.37,"Alpha","payments","media","success"
14.11,4.7,99,1,68.46,6.88,"Delta","ui","baja","success"
13.69,10.93,120,2,92.96,13.68,"Alpha","database","crítica","success"
9.61,9.57,106,2,79.77,6.01,"Beta","api","alta","success"
7,5.24,136,2,75.72,44.1,"Delta","api","baja","success"
5.27,11.69,128,3,56.64,10.37,"Gamma","api","media","success"
10.17,10.52,132,4,83.36,24.2,"Alpha","api","crítica","success"
14.73,12.37,134,2,82.66,18.31,"Gamma","ui","media","success"
11.04,4.98,116,0,89.24,4.1,"Alpha","auth","alta","success"
7.19,10.6,118,2,68.13,21.79,"Beta","auth","baja","success"
20.63,8.25,101,4,86.88,10.47,"Delta","auth","media","success"
14.81,3.22,111,1,60.53,13.92,"Alpha","ui","alta","success"
19.79,5.89,114,3,80.67,11.52,"Gamma","api","alta","success"
16.85,9.85,114,4,75.69,8.9,"Beta","ui","media","success"
9.55,9.92,122,2,97.24,23.02,"Gamma","ui","alta","success"
10.35,4.31,128,0,67.9,23.11,"Delta","ui","baja","failed"
6.24,8.03,114,3,100,8.45,"Alpha","api","baja","success"
14.96,3.34,116,1,86.77,6.79,"Delta","payments","crítica","success"
18.49,10.21,125,1,94.14,10.93,"Delta","auth","media","success"
8.32,9.23,97,0,70.23,10.79,"Delta","auth","media","success"
7.19,12.37,101,2,72.09,9.02,"Delta","api","alta","success"
15.53,7.35,99,2,74.01,16.57,"Beta","payments","media","success"
5.93,9.25,114,1,100,6.93,"Delta","api","baja","success"
19.69,6.28,118,1,71.81,7.58,"Alpha","database","alta","success"
14.29,5.54,121,3,49.76,3.08,"Gamma","api","baja","success"
5.14,10.45,113,6,72.31,23.49,"Alpha","payments","media","success"
13.42,10.31,134,4,66.12,23.27,"Alpha","payments","crítica","success"
12.42,8.83,101,2,98.21,15.23,"Gamma","ui","alta","success"
2.13,9.14,117,0,90.49,7.88,"Alpha","ui","baja","success"
11.83,8.79,107,1,77,8.41,"Gamma","ui","baja","success"
9.65,9.02,118,4,81.45,7.98,"Beta","database","alta","success"
8.45,8.47,131,0,47.75,15.54,"Gamma","database","crítica","success"
12.95,4.7,106,2,71.5,25.59,"Delta","ui","baja","success"
15.4,3,122,1,85.15,8.21,"Gamma","api","baja","success"
18.91,4.7,138,2,72.15,11.13,"Alpha","ui","alta","success"
1.47,11.12,120,0,86.39,8.38,"Alpha","database","media","success"
14.97,5.2,105,1,74.13,16.79,"Alpha","payments","baja","success"
8.19,9.5,128,0,78.64,14.59,"Delta","auth","alta","success"
16.63,10,96,1,58.22,5.94,"Alpha","ui","media","success"
13.38,8.46,113,4,67.15,16.21,"Gamma","ui","crítica","failed"
17.78,8.81,131,1,87.17,15.22,"Beta","auth","media","success"
6.07,9.63,130,1,88.54,2.64,"Delta","database","baja","success"
13.98,11.96,102,6,84.93,17.33,"Alpha","ui","crítica","failed"
13.18,8,108,2,74.05,11.21,"Delta","payments","baja","success"
16.19,7.23,102,5,87.06,17.42,"Beta","payments","media","success"
11.08,6.44,90,3,95.06,14.55,"Delta","api","alta","success"
16.58,10.35,140,2,75.67,6.42,"Delta","auth","alta","success"
10.22,8.26,126,2,79.49,21.52,"Beta","database","media","success"
10.28,10.72,136,5,70.51,14.17,"Gamma","database","crítica","success"
12.1,4.62,112,3,80.89,5.93,"Alpha","api","media","success"
7.72,6.86,89,0,68.39,7.44,"Beta","auth","crítica","success"
10.17,7.37,129,3,76.33,2.75,"Delta","ui","baja","success"
16.44,9.26,113,3,80.92,8.6,"Gamma","database","crítica","success"
18.61,9.64,119,2,61.59,5.38,"Gamma","database","media","success"
16.46,7.46,122,1,70.95,6.28,"Delta","ui","baja","failed"
10.3,8.57,119,3,100,20.99,"Delta","ui","media","success"
13.27,5.11,119,5,64.45,15.63,"Alpha","database","baja","success"
12.39,13.08,131,2,95.22,11.97,"Alpha","api","crítica","success"
6.96,7.35,106,3,73.41,9.92,"Beta","payments","media","success"
13.03,7.75,138,4,78.99,9.33,"Delta","ui","media","success"
8.7,7.12,106,0,59.04,14.32,"Beta","payments","media","success"
7.76,5.52,112,1,94.05,14.55,"Delta","database","media","success"
14.9,10.17,124,3,74.59,3.98,"Gamma","api","baja","failed"
9.17,3.46,115,3,98.7,35.37,"Delta","api","media","failed"
11.42,7.2,127,0,100,8.92,"Alpha","api","crítica","success"
8.11,8.31,136,0,76.46,21.85,"Alpha","api","crítica","success"
12.22,4.33,125,5,52.14,9.67,"Gamma","database","media","rolled_back"
13.97,10.67,114,0,90.5,6.16,"Beta","auth","alta","success"
14.01,6.79,140,0,92.85,11.2,"Delta","payments","media","success"
7.7,9.65,130,1,100,24.81,"Alpha","ui","baja","success"
17.03,3.46,130,0,100,7.44,"Gamma","api","baja","success"
17.97,7.3,122,1,85.56,17.12,"Beta","api","baja","rolled_back"
13.49,8.17,117,2,86.21,4.81,"Delta","auth","crítica","success"
12.63,4.62,115,1,100,13.06,"Delta","database","alta","success"
12.31,10.3,138,1,69.61,10.08,"Gamma","api","crítica","success"
13.03,8.68,122,4,83.18,12.46,"Beta","payments","alta","success"
13.51,7.76,117,2,70.56,5.23,"Gamma","auth","media","success"
12.55,8.45,119,1,82.92,7.95,"Alpha","database","alta","success"
14.62,7.87,135,0,52.98,11.36,"Delta","api","alta","success"
10.66,9.68,106,4,87.39,9.77,"Beta","auth","alta","success"
16.52,8.46,108,0,86.47,21.36,"Beta","ui","baja","success"
11.85,11.85,114,0,87.47,2.71,"Delta","ui","media","success"
4.98,6.96,125,3,100,27.19,"Delta","ui","alta","success"
11.6,10.19,110,5,87.18,15.78,"Beta","auth","baja","failed"
13.79,8.35,125,1,83.87,19.9,"Alpha","api","media","rolled_back"
16.92,13.4,123,1,87.15,24.46,"Delta","auth","baja","success"
12.24,8.07,101,1,82.88,22.01,"Gamma","database","media","failed"
4.24,8.32,127,3,91.03,17.14,"Delta","payments","media","success"
12.02,7.12,120,3,81.1,1.61,"Delta","ui","media","success"
7.2,2.78,126,0,77.92,8.05,"Delta","payments","baja","success"
8.1,3.07,104,0,86.62,3.49,"Gamma","payments","crítica","success"
7.9,7.66,117,0,53.8,18.03,"Alpha","auth","media","success"
8.8,8.23,126,1,70.64,6.23,"Delta","payments","baja","success"
16.55,6.27,116,3,86.08,13.1,"Delta","ui","alta","success"
8.67,9.54,119,0,99.1,13.66,"Gamma","database","media","success"
10.24,11.4,126,3,60.05,18.99,"Gamma","ui","baja","success"
12.74,12.28,115,4,92.72,16.32,"Beta","api","baja","rolled_back"
15.56,2.55,132,4,89.36,15.25,"Alpha","ui","media","success"
9.33,10.02,115,3,95.53,9.77,"Beta","ui","media","failed"
8.7,10.37,127,2,88.37,10.07,"Gamma","database","media","success"
9.93,9.73,137,2,63.69,17.45,"Gamma","database","media","success"
7.31,10.82,123,1,85.73,8.7,"Alpha","payments","crítica","failed"
15.68,7.63,111,3,77.6,5.69,"Delta","api","media","success"
3.27,7.28,102,2,74.32,42.43,"Beta","ui","alta","success"
9.89,10.55,111,4,68.29,9.23,"Delta","auth","alta","success"
6.24,6.31,130,1,89.81,16.6,"Beta","database","media","rolled_back"
4.17,10.23,120,1,76.51,7.5,"Alpha","database","media","success"
12.11,6,123,3,79.07,3.69,"Gamma","payments","baja","success"
18.15,6.53,138,1,62.4,11.61,"Alpha","database","alta","success"
18.54,6.25,122,4,74.03,9.34,"Beta","payments","crítica","success"
9.75,10.21,134,2,100,8.82,"Delta","api","media","success"
9.21,7.85,110,3,50.96,6.03,"Beta","database","crítica","success"
9.85,9.35,133,3,100,6.89,"Delta","auth","media","rolled_back"
14.84,13.94,127,0,70.05,5.69,"Delta","payments","media","rolled_back"
1.75,5.51,114,2,81.68,9.14,"Alpha","database","alta","success"
12.99,11.32,116,1,67.23,14.01,"Gamma","database","crítica","failed"
10.38,9.56,107,2,77.63,28.76,"Delta","api","media","success"
9.02,8.04,112,2,64.19,8.8,"Alpha","payments","alta","success"
3.98,5.05,130,2,68.76,7.18,"Beta","payments","baja","success"
11.18,15.11,103,4,54.4,8.15,"Alpha","auth","media","success"
5.4,3.85,130,1,99.74,18.33,"Gamma","database","baja","failed"
11.94,6.09,128,2,87.57,22.23,"Delta","payments","baja","success"
8.42,10.81,123,1,70.45,16.58,"Alpha","database","crítica","success"
12.19,4.12,124,2,75.04,8.89,"Beta","api","crítica","success"
13.84,9.1,132,1,86.59,5.45,"Beta","auth","media","success"
9.99,4.08,136,3,55.32,15.33,"Gamma","api","baja","success"
7.91,9.13,104,1,85.83,14.92,"Beta","ui","baja","success"
9.55,13.44,133,1,82.7,18.56,"Delta","api","baja","success"
9.33,8.5,125,2,91.28,3.43,"Alpha","database","media","success"
6.03,9.2,124,2,67.36,7.75,"Beta","ui","alta","success"
8.88,9.82,108,0,80.33,9.38,"Delta","auth","media","success"
11.23,6.01,126,1,85.56,3.79,"Beta","api","media","rolled_back"
11.12,5.6,100,2,92.15,9.27,"Gamma","database","media","success"
13.32,6.67,116,3,72.65,4,"Gamma","payments","media","success"
17.17,8.89,139,1,94.55,10.82,"Beta","database","alta","success"
13.33,5.32,119,0,92.36,26,"Alpha","ui","alta","success"
17.9,7.81,126,2,80.75,10.77,"Delta","api","alta","success"
9.41,10,122,5,57.37,7.74,"Gamma","database","crítica","success"
17.4,6.63,112,2,59.76,4.33,"Beta","api","media","success"
14.37,7.86,122,5,66.98,13.2,"Delta","payments","baja","success"
7.23,8.44,120,7,82.47,19.69,"Delta","auth","baja","failed"
13.61,3.97,118,0,85.05,15.5,"Gamma","api","crítica","success"
7.05,7.59,120,2,79.03,8.79,"Beta","api","media","success"
15.79,4.99,118,1,91.1,14.44,"Gamma","api","alta","success"
9.84,7.36,97,3,86.57,4.89,"Alpha","database","alta","success"
11.06,9.27,115,3,90.65,8.26,"Beta","auth","alta","success"
9.28,9.57,129,4,87.93,6.02,"Gamma","ui","baja","success"
8.59,5.78,124,1,73.6,40.24,"Beta","database","alta","success"
18.81,4.99,143,3,81.47,40,"Gamma","database","media","success"
15.97,12.44,126,0,72.11,17.32,"Alpha","api","crítica","success"
14.7,3.2,120,1,65.36,25.56,"Gamma","ui","media","success"
12.29,5.23,136,0,89.79,10.32,"Beta","auth","baja","success"
14.95,7.19,107,1,67.93,10.64,"Alpha","ui","media","success"
14.65,7.82,101,1,84.4,2.25,"Beta","api","baja","rolled_back"
18.41,6.43,108,1,81.76,10.48,"Delta","api","media","success"
15.4,4.62,124,1,67.61,6.41,"Delta","payments","baja","success"
11.18,7.77,105,1,86.42,16.13,"Beta","ui","alta","failed"
11.14,4.79,107,2,77.47,12.2,"Alpha","auth","media","success"
10.13,6.76,111,3,78.59,2.8,"Alpha","payments","media","success"
10.55,9.06,119,5,69.8,2.99,"Beta","database","media","success"
11.05,10.58,116,0,76.4,7.54,"Beta","payments","crítica","rolled_back"
16.89,10.75,116,2,82.76,9.93,"Gamma","database","baja","success"
2.69,10.28,90,5,84.31,3.67,"Beta","payments","media","success"
9.19,7.31,128,0,69.89,28.31,"Beta","api","alta","success"
11.47,3.61,111,2,69.16,6.79,"Beta","api","media","success"
6.87,4.1,117,2,90.88,3.52,"Beta","database","alta","success"
18.48,9.71,109,1,73.9,10.03,"Beta","auth","alta","success"
11.06,2.28,116,1,79.82,14.11,"Gamma","database","baja","success"
7.53,9.85,126,1,69.67,8.88,"Delta","database","media","success"
8.43,8.05,99,2,67.03,20.12,"Gamma","auth","media","success"
15.49,12.79,119,3,83.18,17.1,"Beta","ui","media","success"
19.48,7.97,113,2,72.41,8.28,"Alpha","database","alta","success"
11.5,2.64,135,0,78.87,18.45,"Beta","database","baja","success"
12.43,10.06,122,1,89.92,7.17,"Delta","ui","baja","failed"
8.21,10.74,114,3,83.45,18.95,"Beta","database","alta","success"
17.27,6.97,130,4,74.93,14.97,"Beta","ui","baja","success"
14.89,7.26,118,1,72.54,13.99,"Beta","payments","media","success"
2.68,9.01,125,2,90.05,8.46,"Delta","database","media","rolled_back"
9.42,8.64,126,3,96.74,16.69,"Beta","api","media","failed"
11.06,7.96,112,2,82.75,7.9,"Alpha","api","media","success"
7.57,8.14,115,2,55.22,18,"Gamma","auth","alta","success"
10.91,12.96,117,4,98.91,19.38,"Alpha","database","baja","success"
7.47,10.75,128,2,64.86,1.24,"Delta","auth","alta","success"
13.44,13.12,131,3,80.11,7.06,"Gamma","database","crítica","success"
13.34,6.99,121,1,100,17.02,"Gamma","api","baja","success"
15.24,6.97,123,2,77.97,4.89,"Gamma","ui","media","success"
13.67,7.22,106,1,86.97,22.31,"Alpha","api","baja","success"
18.38,9.8,126,2,59.59,4.18,"Alpha","auth","baja","success"
10.46,12.46,140,3,84.37,10.6,"Gamma","ui","baja","success"
3.39,9.06,107,0,76.48,20.04,"Beta","payments","alta","success"
12.1,7.21,130,0,49.41,4.57,"Alpha","payments","baja","success"
14.6,8.77,103,1,80.98,10.71,"Beta","payments","media","success"
10.4,7.16,118,2,60.85,8.43,"Gamma","payments","baja","success"
17.6,7.52,127,2,76.17,14.89,"Delta","auth","media","rolled_back"
16.38,5.58,123,1,88.92,7.06,"Beta","auth","alta","rolled_back"
14.15,8.36,116,5,91.96,15.19,"Delta","database","media","success"
12.28,6.95,116,0,77.11,5.51,"Beta","database","crítica","success"
9.79,5.46,146,2,76.39,19.53,"Alpha","payments","media","success"
11.29,8.03,118,1,71.38,2.57,"Gamma","auth","crítica","failed"
13.88,9.2,135,1,69.78,18.11,"Gamma","payments","crítica","success"
15.87,7.6,107,1,67.44,36.93,"Alpha","database","baja","rolled_back"
10.82,7.37,115,0,67.38,17.77,"Alpha","api","media","success"
9.09,7.41,113,4,57.05,12.83,"Gamma","ui","media","success"
21.9,10.47,135,1,73.61,18.3,"Gamma","database","baja","success"
14.07,9.81,133,1,77.78,14.56,"Alpha","auth","media","success"
8.39,7.93,115,1,85.14,37,"Gamma","auth","baja","success"
15.72,5.73,117,3,79.05,8.58,"Delta","payments","alta","success"
12.25,8.13,142,2,90.22,23.05,"Beta","payments","alta","failed"
15.31,4.83,115,5,57.76,8.25,"Beta","payments","media","success"
12.21,10.74,115,2,82.7,8.14,"Beta","database","media","success"
11.77,8.92,107,0,73.72,3.4,"Gamma","api","alta","rolled_back"
12.36,11.72,95,4,70.56,6.29,"Gamma","api","media","success"
13.65,10.73,128,0,78.92,9.03,"Gamma","api","alta","success"
9.56,9.15,120,4,74.19,6.14,"Delta","auth","baja","success"
9.38,6.84,106,3,78.14,1.03,"Beta","auth","alta","success"
11.26,7.71,126,1,80.36,22.8,"Beta","auth","baja","success"
12.69,5.02,136,3,72.87,4.93,"Alpha","payments","alta","success"
10.73,7.5,123,1,66.58,12.47,"Gamma","api","baja","success"
13.27,10.91,136,6,84.43,16.07,"Alpha","ui","media","success"
7.59,8.42,115,1,85.14,5.21,"Delta","auth","media","success"
6.28,8.4,116,1,81.81,23.83,"Alpha","database","alta","failed"
19.57,6.91,116,1,84.17,4.2,"Beta","database","media","success"
13.59,11.31,120,2,81,3.87,"Alpha","auth","baja","failed"
10.41,9.32,117,1,65.2,24.95,"Alpha","ui","alta","success"
10.88,5.87,119,0,83.48,4.1,"Beta","api","media","success"
15.14,8.72,118,2,97.28,10.38,"Alpha","ui","alta","success"
11.16,10.77,123,2,79.64,5.9,"Delta","auth","media","success"
12.77,7.35,127,4,66.34,18.75,"Delta","payments","media","success"
10.94,8.1,138,1,65.06,19.7,"Beta","ui","media","failed"
9.99,7.13,91,3,68.02,5.71,"Alpha","payments","crítica","success"
14.41,11.21,125,4,87.46,4.15,"Beta","auth","alta","success"
12.57,8.3,130,1,72.78,19.25,"Beta","auth","media","success"
17.21,14.57,99,4,72.17,13.6,"Delta","payments","media","success"
7.5,3.06,143,1,88.3,8.42,"Alpha","payments","media","failed"
11.46,7.89,123,2,75.03,11.22,"Alpha","payments","crítica","success"
11.16,10.23,138,2,86.22,4.62,"Alpha","database","media","failed"
7.7,7.36,111,3,67.99,19.14,"Alpha","database","baja","success"
15.99,13.17,130,2,72.15,4.78,"Alpha","database","media","success"
11.57,7.97,110,1,100,14.15,"Gamma","database","baja","failed"
6.46,5.41,96,2,62.48,12.44,"Delta","database","baja","failed"
9.63,6.9,128,3,88.89,16.42,"Gamma","payments","alta","success"
7.58,7.43,119,0,76.26,23.44,"Gamma","auth","media","failed"
16.16,8.27,127,1,83.65,4.84,"Gamma","payments","baja","success"
22.17,8.4,118,0,98.69,9.71,"Beta","payments","crítica","failed"
9.31,11.72,110,3,80.76,4.01,"Alpha","auth","alta","success"
11.63,6.28,124,2,74.75,17.28,"Alpha","payments","baja","success"
13.12,6.84,127,1,68.16,20.45,"Alpha","ui","alta","success"
22.84,7.97,108,2,72.31,5.45,"Delta","payments","baja","success"
2.68,5.12,137,0,79.81,10.51,"Gamma","payments","baja","success"
9.94,8.52,119,3,76.8,4.29,"Gamma","database","alta","failed"
7.19,8.71,125,2,61.69,13.04,"Beta","database","media","success"
11.09,5,103,1,84.52,20.06,"Delta","payments","baja","success"
10.9,4.88,115,2,78.1,13.03,"Delta","payments","alta","success"
9.08,7.83,121,3,77.85,7.9,"Delta","database","alta","success"
19.34,6.3,113,3,93.55,10.11,"Alpha","api","alta","failed"
13.03,9.8,119,2,71.87,14.65,"Beta","api","media","success"
21.57,6.59,128,3,87.11,3.04,"Delta","ui","media","success"
15.29,7.8,112,2,86.69,23.61,"Alpha","database","alta","success"
6.94,9.11,113,4,89.04,8.63,"Gamma","api","alta","success"
8.99,6.07,107,3,88.58,24.4,"Delta","auth","baja","success"
13.09,10.3,120,2,71.93,6.52,"Gamma","auth","crítica","success"
9.69,8.76,117,2,80.61,12.56,"Delta","ui","alta","success"
13.42,13.64,109,3,80.67,2.17,"Gamma","api","alta","success"
14.93,7.21,122,1,90.31,6.8,"Gamma","payments","baja","rolled_back"
13.68,3.07,119,1,75.29,30.52,"Gamma","api","baja","success"
11.46,10.93,136,1,68.03,18.01,"Delta","database","media","success"
9.43,8.02,119,2,89.39,9.79,"Alpha","api","media","success"
6.84,12.01,111,1,85.11,8.71,"Beta","payments","alta","success"
13.36,5.58,103,2,80.5,19.42,"Beta","database","media","success"
15.69,14.6,116,1,69.57,17.3,"Delta","auth","crítica","success"
11.68,11.54,145,2,84.61,14.46,"Alpha","auth","baja","success"
15.01,7.49,146,0,69.57,8.69,"Delta","ui","alta","success"
20.91,10.79,109,1,93.06,7.11,"Beta","ui","baja","success"
19.74,7.8,123,0,94.52,10.83,"Delta","payments","baja","success"
10.02,12.97,99,0,89.12,19.94,"Beta","database","media","failed"
14.19,6.51,101,6,82.27,6.12,"Delta","database","baja","success"
9.19,8.43,117,3,78.77,4.95,"Gamma","auth","alta","success"
14.76,5.42,136,3,70.49,31.99,"Beta","ui","alta","failed"
11.77,7.77,91,3,70.23,21.51,"Delta","ui","crítica","success"
13.11,5.74,119,2,76.93,15.69,"Gamma","auth","media","success"
8.56,12.35,137,2,99.36,24.39,"Beta","ui","alta","success"
16.82,7.19,128,0,94.23,15.05,"Beta","api","media","success"
11.66,6.51,118,3,96.28,8.13,"Beta","database","baja","success"
10.22,10.81,132,3,79.78,8.82,"Delta","api","crítica","success"
11.69,3.67,120,7,76.19,12.28,"Delta","api","crítica","success"
12.31,10.64,123,3,76.04,4.81,"Alpha","api","media","failed"
18.55,6.22,117,6,72.34,30.08,"Gamma","ui","alta","success"
7.56,8.48,125,1,93.31,11.59,"Beta","ui","media","failed"
21.84,4.66,108,2,73.07,10.47,"Beta","database","media","success"
8.91,9.55,120,1,79.17,6.63,"Delta","ui","alta","success"
12.7,10.42,121,1,82.88,22.04,"Alpha","ui","alta","success"
3.77,8.87,124,1,82.84,4.13,"Alpha","auth","alta","success"
9.38,6.34,122,2,81.52,6.57,"Beta","auth","media","success"
14.93,9.48,144,2,69.58,10.91,"Beta","auth","alta","failed"
14.02,7.43,120,0,78.42,7,"Delta","auth","media","success"
13.64,8.46,127,4,65.99,2.4,"Delta","api","baja","success"
10.13,6.91,120,2,73.94,1.44,"Delta","api","baja","success"
4.63,14.09,140,3,99.5,8.88,"Alpha","payments","alta","success"
7.71,3.6,128,2,75.25,16.73,"Delta","database","baja","success"
11.08,9.58,132,2,67.44,15.98,"Gamma","payments","alta","success"
14.49,12.78,97,0,76.06,14.74,"Alpha","database","baja","success"
15.35,5.89,107,2,65.24,4.53,"Gamma","auth","media","failed"
10.79,3.73,130,2,89.51,15.25,"Delta","database","media","rolled_back"
11.39,4.95,118,0,81.55,9.29,"Beta","ui","baja","success"
11.35,8.28,127,3,65.07,13.15,"Alpha","auth","crítica","success"
12.23,11.54,124,1,80.74,15.88,"Alpha","auth","baja","success"
18.15,9.7,98,2,75.25,8.14,"Delta","payments","media","rolled_back"
9.09,8.41,111,3,84.1,7.9,"Alpha","database","alta","success"
11.18,5.47,128,1,80.97,13.59,"Alpha","api","alta","success"
12.31,6.12,115,1,54.91,19.73,"Beta","api","baja","failed"
6.65,8.17,113,3,55.75,11.02,"Gamma","payments","baja","success"
8.32,8.17,119,2,80.31,11.93,"Alpha","database","alta","rolled_back"
12.8,7.61,107,0,83.75,8.23,"Beta","auth","alta","success"
13.71,3.38,118,1,55.06,10.33,"Delta","auth","media","success"
16.56,8.63,122,2,67.21,9.48,"Beta","payments","crítica","success"
10.14,7.42,93,3,72.48,25.91,"Delta","ui","media","success"
17.82,4.04,112,2,91.55,5.77,"Alpha","api","alta","success"
8.54,3.66,112,3,100,2.39,"Delta","auth","alta","success"
5.61,8.41,107,2,49.82,10.33,"Alpha","auth","media","success"
4.22,5.75,122,2,74.6,13.91,"Alpha","ui","alta","success"
16.42,3.42,111,0,96.34,12.03,"Delta","database","alta","success"
13.22,7.76,131,5,81.67,14.73,"Delta","payments","media","success"
11.48,9.23,118,3,78.55,3.86,"Delta","payments","media","success"
10.83,10.57,113,1,92.46,28.74,"Delta","auth","alta","failed"
18.35,5.52,99,2,79.43,3.18,"Gamma","auth","alta","success"
16.8,7.91,101,1,82.78,37.09,"Gamma","database","baja","success"
7.99,10.82,142,2,61.36,3.9,"Alpha","payments","media","success"
6.44,4.28,148,0,81.71,6.21,"Gamma","auth","crítica","success"
16.34,10.86,113,1,95.41,21.85,"Alpha","auth","baja","success"
14.24,12.56,149,3,96.06,4.32,"Alpha","payments","media","success"
9.96,6.16,121,0,73.87,21.79,"Alpha","payments","alta","success"
13.59,7.66,141,1,70.1,7.5,"Gamma","ui","media","success"
3.91,0.5,123,3,81.45,18.14,"Beta","payments","media","success"
9.34,3.04,129,3,82.95,18.41,"Delta","ui","crítica","success"
13.74,11.25,119,1,79.56,19.97,"Gamma","ui","alta","success"
11.71,0.72,134,1,83.04,6.41,"Delta","auth","alta","success"
6.87,8.24,117,0,80.89,15.1,"Beta","api","media","success"
16.06,5.31,120,3,78.42,9.51,"Alpha","payments","baja","success"
16.65,7.42,136,5,86.07,22.9,"Alpha","api","baja","rolled_back"
8.24,6.45,110,2,85.4,8.24,"Delta","auth","alta","success"
11.26,7.52,121,3,85.07,13.28,"Gamma","ui","media","rolled_back"
14.92,7.63,126,2,77.66,7.4,"Delta","database","alta","success"
15.45,9.09,130,2,84.07,5.21,"Gamma","ui","alta","success"
9.89,7.26,122,2,73.67,7.15,"Beta","ui","baja","success"
8.49,10.75,140,4,77.29,21.86,"Beta","auth","baja","failed"
13.38,5.36,121,1,79.9,11.95,"Beta","payments","media","success"
4.34,7.88,116,0,83.46,4.7,"Beta","ui","baja","success"
8.2,2.75,119,1,85.59,20.23,"Alpha","ui","media","success"
15.09,9.22,129,3,88.26,9.36,"Delta","api","crítica","success"
5.18,8.37,102,0,73.26,16.43,"Gamma","ui","media","success"
7.2,9.98,107,2,68.19,3.78,"Beta","database","media","success"
11.04,4.52,129,3,77.62,21.26,"Alpha","auth","media","success"
10.79,6.64,123,2,82.51,14.67,"Beta","ui","media","failed"
4.98,4.98,123,3,67.02,25.33,"Gamma","payments","crítica","success"
14.04,7.8,95,3,93.12,6.07,"Alpha","api","alta","success"
7.91,5.94,150,2,65.77,9.01,"Alpha","ui","baja","success"
11.37,7.25,111,2,85.18,4.34,"Delta","ui","baja","success"
11.21,10.79,123,0,59.06,11.36,"Beta","payments","alta","success"
14.79,12.61,122,2,64.85,24.53,"Beta","auth","baja","failed"
11.74,3.17,129,1,98.7,13.2,"Beta","ui","media","success"
11.46,4.61,108,1,74.07,8.61,"Delta","api","alta","success"
18.62,10.94,110,2,72.75,13.89,"Delta","api","baja","success"
13.49,8.19,138,2,67.07,2.54,"Gamma","payments","alta","rolled_back"
14.49,5.53,125,2,79.86,24.9,"Gamma","ui","media","success"
13.9,9.74,129,0,72.8,23.1,"Beta","auth","alta","success"
14.29,5.09,144,2,84.95,6.32,"Beta","auth","crítica","success"
17.34,7.64,105,2,68.24,7.27,"Delta","payments","crítica","success"
11.77,8.92,113,2,70.5,7.66,"Delta","ui","media","success"
12.97,9.98,113,2,57.84,6.74,"Gamma","api","media","success"
19.88,9.69,115,2,56.65,10.07,"Delta","database","baja","success"
9.88,9.37,113,1,68.01,5.58,"Gamma","database","media","success"
17.16,9.02,117,4,86.24,15.65,"Delta","api","alta","success"
9.57,10.43,131,1,88.72,18.36,"Gamma","ui","media","failed"
18.84,7.12,138,1,78.84,5.93,"Delta","ui","media","success"
9.34,5.27,115,2,75.97,4.33,"Delta","database","media","rolled_back"
8.74,9.03,117,2,97.1,7.48,"Delta","api","baja","success"
16.15,8.93,103,2,72.59,11.41,"Alpha","api","crítica","failed"
15.86,10.47,108,3,89.24,14.89,"Beta","auth","alta","success"
14.21,5.49,128,2,79.21,7.62,"Gamma","database","media","rolled_back"
13.09,8.88,126,1,83.51,10.1,"Gamma","ui","crítica","success"
12.97,6.88,123,2,82.08,12.7,"Beta","api","media","success"
20.22,9.64,119,1,98.09,19.23,"Beta","payments","media","success"
6.27,10.85,122,3,84.72,10.51,"Gamma","payments","baja","success"
8.05,10.12,111,4,84.9,11.84,"Gamma","auth","baja","success"
6.88,5.45,100,2,84.62,7.37,"Delta","ui","baja","success"
15.84,5.82,119,2,75.9,17.37,"Delta","api","media","success"
11.02,6.47,149,3,67.31,7.81,"Alpha","ui","alta","failed"
11.48,9.1,114,2,70.48,9.63,"Gamma","database","alta","success"
19.13,6.22,137,0,70.42,17.85,"Beta","api","crítica","success"
9.68,8.53,113,0,74.22,13.02,"Alpha","payments","media","success"
20.09,10.77,102,1,83.4,12.75,"Delta","database","media","success"
6.36,9.36,104,1,81.4,13.56,"Beta","database","media","success"
17.27,11.12,126,6,84.34,15.63,"Delta","auth","media","success"
13.29,8.22,108,2,81.83,20.63,"Delta","auth","baja","success"
10.45,8.66,118,2,57.5,6.06,"Delta","api","baja","failed"
11.31,5.54,136,2,74.83,6.33,"Beta","ui","media","success"
17.36,9.58,124,3,76.62,8.97,"Beta","auth","alta","failed"
18.82,3.66,116,3,86.06,5.47,"Alpha","payments","crítica","success"
5.29,4.61,97,6,84.32,8.8,"Alpha","database","baja","success"
25.68,8.91,126,3,67.75,14.88,"Alpha","auth","media","success"
22.31,5.7,110,2,63.78,10.37,"Gamma","auth","baja","success"
9.9,8.93,117,1,74.19,22.68,"Alpha","ui","alta","success"
11.74,4.76,112,2,93.63,32.08,"Gamma","payments","baja","success"
9.35,8.07,127,2,79.11,5.74,"Alpha","payments","alta","success"
11.63,3.77,126,2,73.67,20.38,"Gamma","api","crítica","success"
14.96,9.19,125,3,100,6.49,"Gamma","api","alta","success"
12.41,3.6,116,4,66.69,12.67,"Gamma","auth","media","success"
12.77,8.67,106,2,80.87,6.07,"Delta","database","baja","success"
17.92,8.03,135,0,77.21,40.32,"Gamma","auth","media","success"
3.18,10.33,132,3,67.91,8.87,"Delta","database","alta","success"
10.03,13.93,101,1,71.5,5.52,"Delta","auth","alta","success"
12.58,3.52,133,6,92.3,17.22,"Gamma","database","crítica","success"
8.87,7.1,104,1,83.18,16.28,"Beta","api","alta","failed"
16.24,6.35,114,0,91.89,18.94,"Delta","payments","alta","success"
10.22,6.3,116,3,78.66,2.7,"Beta","api","alta","rolled_back"
10.28,4.78,150,1,99.4,12.06,"Gamma","api","media","success"
16.76,9.21,125,1,73.9,7.76,"Beta","api","media","success"
15.34,8.56,140,3,80.78,22.47,"Gamma","ui","media","success"
11.4,9.28,138,5,85.93,11.73,"Delta","database","baja","success"
10.69,12.52,109,5,68.43,4.02,"Delta","api","media","success"
6.21,3.74,111,1,68.44,29.02,"Beta","database","alta","failed"
9.21,8.72,142,1,98.62,8,"Beta","ui","crítica","success"
22.39,7.33,130,2,92.05,8.38,"Delta","ui","media","success"
11.85,7.05,117,1,100,15.58,"Beta","payments","baja","success"
15.65,6.26,135,2,88.19,11.75,"Gamma","ui","alta","rolled_back"
11.26,7.52,113,0,78.53,3.24,"Beta","auth","media","success"
14.44,10.34,113,1,79.8,11.99,"Alpha","payments","baja","success"
11.79,5.94,137,2,73.87,6.34,"Beta","database","alta","failed"
17.46,7.22,117,2,73.5,6.39,"Alpha","api","media","success"
9.99,9.05,134,1,84.15,26.8,"Alpha","payments","crítica","rolled_back"
5.16,9.13,117,4,69.9,10.36,"Beta","auth","alta","success"
15.59,12.37,123,0,79.19,23.65,"Gamma","auth","alta","success"
11.05,7.25,112,3,100,6.26,"Beta","ui","alta","success"
17.85,7.56,109,1,63.53,22.46,"Delta","database","alta","success"
12.5,3.54,122,3,83.84,14.14,"Alpha","auth","baja","success"
17.81,11.28,141,1,76.9,7.8,"Alpha","ui","media","success"
13.4,9.83,122,2,91.9,7.78,"Gamma","api","media","failed"
10.6,10.48,107,1,71.08,30.35,"Beta","payments","alta","success"
14.9,5.5,122,1,65.19,14.93,"Beta","database","baja","success"
10.16,11.81,120,1,69.01,7.67,"Alpha","api","alta","success"
18.74,6.27,120,2,86.53,7.93,"Alpha","auth","baja","success"
12.59,11.77,134,4,98.44,8.09,"Delta","api","alta","failed"
3.88,7.9,120,1,72.29,5.9,"Delta","ui","baja","success"
10.11,9.44,127,0,72.63,8.05,"Beta","ui","media","success"
5.47,8.37,121,2,76.38,7.05,"Gamma","payments","baja","success"
3.29,5.89,114,3,75.71,11.46,"Alpha","api","media","failed"
12.24,7.6,127,1,62.21,3.75,"Delta","auth","media","success"
14.59,6.68,129,1,82.19,13.97,"Alpha","auth","media","success"
8.95,5.45,106,7,74.87,10.14,"Delta","api","media","success"
6.68,7.65,109,1,60.74,6.59,"Beta","database","media","success"
9.59,5.78,135,3,90.63,5.45,"Alpha","payments","media","success"
5.8,7.95,138,1,79.03,13.77,"Delta","auth","baja","success"
14.81,8.46,107,4,74.41,26.13,"Delta","auth","baja","success"
14.3,9.79,115,3,95.96,5.65,"Gamma","api","media","failed"
5.62,5.88,124,1,82.43,21.08,"Beta","api","alta","success"
9.5,9.69,124,2,62.59,14.37,"Gamma","payments","crítica","success"
16.19,8.01,128,2,87.81,18.14,"Gamma","api","media","success"
11.33,7.1,117,2,83.86,15.88,"Alpha","api","media","success"
12.04,10.79,112,2,90.17,11.95,"Delta","ui","media","success"
13.67,8.62,114,3,52.44,8.21,"Gamma","ui","baja","success"
14.51,6.03,89,2,68.13,11.02,"Delta","payments","media","rolled_back"
16.82,4.83,110,3,66.73,7.73,"Gamma","ui","alta","failed"
15.09,8.85,139,2,79.72,30.54,"Beta","database","alta","success"
6.49,6.1,124,4,80.94,8,"Beta","payments","crítica","success"
10.55,12.52,119,4,68.22,6.08,"Delta","api","alta","success"
13.21,9.36,123,4,75.48,10.58,"Gamma","api","baja","success"
11.56,1.16,112,2,82.55,15.47,"Gamma","ui","baja","success"
3.28,5.44,118,0,78.39,6.15,"Delta","ui","alta","success"
8.97,4.89,119,0,84.38,4.14,"Gamma","database","crítica","failed"
16.06,5.46,123,1,87.57,9.23,"Gamma","database","baja","success"
12.63,3.88,121,4,77.48,13.89,"Alpha","payments","alta","success"
6.11,9.3,126,4,76.66,4.15,"Delta","payments","crítica","success"
12.86,8.94,120,1,73.49,6.2,"Alpha","payments","crítica","success"
11.37,9.06,130,4,71.66,15.05,"Alpha","auth","media","success"
14.69,10.81,122,1,87.12,17.99,"Delta","api","media","failed"
20.43,7.91,123,2,77.68,24.29,"Delta","database","media","success"
5.94,11.6,111,2,75.51,5.98,"Gamma","payments","baja","success"
9.98,5.18,112,2,73.34,17.72,"Delta","payments","baja","success"
11.44,6.29,130,3,100,25.2,"Beta","auth","baja","success"
3.46,6.06,122,2,57.82,30.16,"Delta","database","baja","success"
11.88,7.06,123,2,74.58,9.35,"Gamma","api","media","success"
9.63,5.74,118,0,68.63,12.92,"Alpha","ui","baja","failed"
20.94,9.61,117,1,85.53,9.57,"Alpha","auth","media","success"
0.33,7.68,120,1,76.83,8.09,"Gamma","ui","alta","failed"
17.95,10.78,118,4,65.26,18.89,"Beta","database","baja","success"
16.03,4.18,110,4,84.23,7.64,"Alpha","database","crítica","success"
14.94,4.17,138,4,70.07,15.6,"Delta","ui","media","failed"
12.59,6.3,105,5,78.25,4.06,"Alpha","api","alta","success"
9.16,5.82,125,2,96.43,6.76,"Beta","api","media","failed"
16.42,4.2,116,2,68.7,12.53,"Beta","payments","alta","failed"
8.46,8.98,125,3,67.32,10.71,"Beta","ui","crítica","success"
14.78,9.67,127,2,75.42,10.01,"Delta","ui","media","success"
13.61,11.3,114,2,94.84,3.9,"Gamma","database","baja","failed"
16.3,9.28,134,4,79.99,32.15,"Alpha","auth","baja","success"
9.61,9.08,95,0,56.74,31.25,"Gamma","payments","media","success"
9.68,11.26,129,4,64.31,22.73,"Alpha","auth","baja","success"
13.21,7.03,120,1,99.89,20.68,"Alpha","api","media","success"
13.22,8.32,133,2,64.08,17.31,"Gamma","api","media","success"
17.5,8.72,108,0,57.94,6.01,"Beta","api","alta","success"
13.94,13.93,131,1,62.32,17.71,"Beta","auth","media","success"
12.58,9.08,112,4,71.14,12.67,"Gamma","payments","alta","failed"
15.37,6.04,143,4,77.1,8.51,"Beta","ui","alta","success"
9.83,9.17,121,2,75.77,14.14,"Beta","api","alta","success"
16.37,5.13,95,1,77.49,1.03,"Alpha","database","baja","success"
7.91,5.21,127,2,86.22,29.67,"Beta","ui","baja","success"
13.35,11.03,125,4,73.02,16.56,"Delta","auth","media","success"
5.17,5.07,109,0,80.78,12.82,"Gamma","api","alta","success"
12.99,4.08,111,1,88.79,9.34,"Beta","database","baja","success"
5.73,6.82,138,3,69.66,2.05,"Beta","api","media","success"
11.07,6.42,113,2,74.31,14.18,"Gamma","api","alta","success"
4.97,8.78,128,5,89.98,7.11,"Beta","database","alta","success"
9.44,7.4,122,3,56.23,15.26,"Alpha","api","alta","rolled_back"
8.9,14.62,122,1,80.84,6.7,"Gamma","ui","baja","success"
14.22,11.33,117,6,87.5,5.8,"Beta","api","alta","success"
9.67,3.01,121,3,89.77,8.17,"Beta","api","baja","rolled_back"
8.93,8.8,115,4,77.66,9.93,"Delta","api","alta","success"
16.89,6.97,115,1,72.27,40.2,"Delta","database","alta","rolled_back"
18.68,9.94,110,0,79.63,5.23,"Beta","payments","alta","success"
16.37,5.46,130,2,75.91,2.81,"Gamma","api","alta","failed"
6.04,6.7,112,0,74.52,3.08,"Beta","auth","baja","success"
17.11,8.18,106,1,99.76,8.3,"Delta","api","media","success"
7.09,9.02,123,2,74.27,3.45,"Gamma","api","baja","success"
11.71,3.86,126,1,61.12,8.38,"Beta","payments","baja","failed"
14.94,7.02,129,5,57.68,5.93,"Delta","database","media","success"
11.14,2.9,100,4,64.12,22,"Beta","payments","media","success"
11.4,9.35,121,1,57.6,19.99,"Beta","ui","media","success"
12.5,6.34,125,2,73.39,13.49,"Alpha","database","media","success"
13.71,11.45,107,1,74.4,21.65,"Gamma","auth","media","success"
13.65,10.95,99,2,93.25,6.47,"Alpha","api","baja","success"
5.09,6.05,127,3,76.91,13.31,"Beta","ui","alta","success"
11.3,8.88,139,0,80.22,12.18,"Beta","api","media","success"
13.15,10.93,126,1,81.66,28.55,"Beta","payments","alta","failed"
14.36,9.16,130,1,91.89,29.03,"Gamma","payments","baja","success"
10.73,5.22,137,1,84.61,32.94,"Alpha","ui","media","success"
9.19,3.06,129,1,92.14,15.23,"Alpha","ui","baja","success"
6.53,8.61,125,1,67.89,4.16,"Delta","database","alta","success"
9.08,6.2,109,1,100,17.92,"Alpha","api","media","success"
11.51,11.43,129,2,83.33,1.62,"Gamma","api","media","success"
9.46,5.95,138,3,83.79,10.1,"Delta","database","baja","rolled_back"
14.38,9.63,113,1,77.44,12.43,"Alpha","database","baja","success"
13.47,10.34,107,4,77.36,3.59,"Beta","payments","media","success"
5.57,9.99,114,3,67.68,15.92,"Delta","ui","alta","success"
13.27,3.78,121,0,92.05,16.86,"Beta","ui","baja","failed"
14.17,4.32,127,2,63.37,11.28,"Beta","auth","baja","success"
10.95,6.77,117,2,59.13,18.62,"Alpha","database","baja","success"
11.89,10.61,144,0,90.56,10.16,"Beta","api","crítica","success"
10.27,11.11,123,0,97.38,13.54,"Beta","ui","baja","success"
10.83,12.64,134,2,84.39,18.84,"Gamma","api","media","failed"
7.97,5.68,112,0,98.53,3.77,"Alpha","payments","media","failed"
13.7,6.37,120,0,79.33,25.02,"Delta","auth","alta","failed"
7.1,7.94,111,3,78.4,20.03,"Gamma","payments","media","success"
9.64,11.12,103,2,70.09,22.54,"Delta","auth","alta","success"
8.35,3.22,122,2,70.26,14.34,"Delta","ui","alta","failed"
8.52,4.94,136,3,66.56,3.4,"Delta","auth","baja","success"
10.53,12.37,115,0,100,21.77,"Gamma","ui","crítica","failed"
10.06,9.96,141,0,86.31,1.91,"Gamma","auth","alta","success"
9.2,2.66,124,0,73.81,14.08,"Alpha","api","media","success"
10.99,10.68,135,0,76.5,5.5,"Gamma","auth","crítica","success"
5.66,8.96,128,3,86.25,8.65,"Gamma","database","alta","success"
12.44,6.25,128,3,84.87,13.69,"Alpha","api","media","success"
14.53,7.99,115,3,87.71,2.07,"Gamma","ui","baja","failed"
6.87,9.59,117,1,55.95,14.62,"Delta","payments","media","failed"
6.35,8.88,125,5,62.87,3.41,"Gamma","auth","baja","success"
20.93,9.99,124,2,89.63,15.99,"Delta","ui","baja","success"
12.96,11.84,126,4,64.01,18.16,"Alpha","payments","baja","failed"
12.21,8.98,130,2,58.32,34.84,"Delta","api","media","success"
11.21,4.3,129,1,91.73,21.29,"Delta","api","media","success"
13.97,8.15,133,2,87.07,29.3,"Beta","ui","alta","success"
12.15,2.06,113,2,75.44,7.13,"Beta","payments","alta","success"
9.82,7.39,120,0,74.02,23.42,"Delta","payments","alta","failed"
10.27,6,119,2,56.97,5.22,"Delta","payments","alta","success"
10.62,5.69,111,0,80.88,9.82,"Beta","auth","crítica","success"
10.72,6.46,118,1,80.19,3.9,"Beta","database","crítica","success"
8.99,17.62,106,1,76.18,17.82,"Beta","ui","media","rolled_back"
16.3,5.5,116,0,79.55,17.58,"Delta","payments","baja","failed"
12.38,5.72,119,2,77.46,13.57,"Alpha","database","media","success"
8.91,7.05,107,3,96.58,10.83,"Alpha","database","media","success"
14.36,7.04,117,2,68,13.65,"Gamma","api","alta","success"
13.4,16.49,97,3,69.82,9.42,"Delta","api","media","success"
11.45,7.93,113,3,69.3,5.56,"Alpha","database","baja","rolled_back"
13.6,7.63,117,1,73.66,4.5,"Delta","payments","baja","failed"
8.37,6.83,100,1,73.22,6.48,"Beta","database","media","success"
11.2,10.81,128,1,97.16,12.85,"Alpha","ui","baja","failed"
8,7.47,134,0,59.34,13.33,"Alpha","auth","baja","success"
7.26,9.18,112,2,72.49,0.63,"Alpha","ui","alta","success"
10.67,8.27,94,4,47.81,7.73,"Gamma","auth","crítica","success"
12.67,4.1,106,0,90.75,1.82,"Alpha","payments","media","success"
8.35,5.97,114,2,79.31,8.07,"Delta","ui","baja","rolled_back"
11.3,8,109,1,70.9,5.09,"Gamma","ui","alta","success"
4.68,11.01,131,1,82.3,2.16,"Gamma","database","media","rolled_back"
10.21,8.78,110,1,70.12,8.65,"Beta","database","baja","success"
16.68,8.33,137,2,79.34,10.47,"Delta","auth","media","failed"
7.39,5.99,108,1,65.35,6.4,"Alpha","ui","baja","success"
7.23,10.32,110,2,93.08,4.86,"Beta","database","crítica","rolled_back"
11.12,10.37,156,3,73.95,6.95,"Alpha","api","media","rolled_back"
14.14,7.2,134,3,76,9.28,"Gamma","api","alta","success"
16.94,9.93,125,3,84.6,3.7,"Alpha","database","baja","success"
22.61,7.4,117,2,62.86,10.73,"Alpha","auth","baja","success"
15.2,8.53,127,2,64.86,28.67,"Beta","api","alta","success"
14.69,10.06,114,3,100,19.61,"Gamma","payments","media","success"
20.11,9.41,113,1,88.27,12.27,"Alpha","ui","baja","success"
10.8,6.12,113,0,64.81,21.94,"Alpha","api","media","success"
11.15,8.95,133,2,74.36,17.91,"Delta","auth","baja","success"
13.01,6.69,120,1,86.69,6.38,"Gamma","database","media","success"
6.32,7.52,112,6,71.54,16.67,"Alpha","ui","media","success"
4.66,5.74,123,2,79.56,11.77,"Delta","api","baja","success"
19.23,7.94,106,2,76.57,8.62,"Alpha","auth","alta","rolled_back"
9.7,10.18,119,1,85.18,8.22,"Delta","auth","baja","failed"
10.17,7.22,127,1,100,9.44,"Beta","database","media","success"
8.03,9.8,112,7,77.56,8.46,"Delta","database","alta","success"
12.58,7.74,123,2,100,3.17,"Delta","ui","alta","success"
14.36,9.4,116,4,49.38,4.17,"Alpha","database","alta","failed"
11.09,4.11,123,1,78.54,10.6,"Alpha","database","baja","failed"
12.06,9.77,122,0,70.01,2.99,"Gamma","auth","media","success"
15.81,6.37,128,2,44.07,8.31,"Delta","api","alta","success"
11.96,6.9,129,2,78.74,38.04,"Alpha","ui","media","success"
9.75,8.65,129,3,83.97,6.04,"Gamma","payments","media","success"
11.76,9.23,124,4,81.73,8.81,"Alpha","ui","baja","success"
8.63,6.76,129,2,88.83,7.38,"Gamma","database","media","failed"
12.41,5.42,107,1,80.69,5.89,"Gamma","database","baja","success"
8.41,6.27,112,1,71.96,16.02,"Gamma","payments","alta","rolled_back"
17.58,4.83,112,5,83.68,11.76,"Gamma","payments","alta","rolled_back"
2.05,10.81,116,2,63.61,25.99,"Alpha","payments","media","success"
13.61,8.95,148,0,69.61,4.88,"Delta","api","media","success"
10.05,7.97,95,1,65.41,10.01,"Gamma","ui","baja","failed"
19.95,5.41,108,1,77.2,5.58,"Alpha","auth","alta","success"
11.06,10.15,110,1,84.79,4.41,"Delta","auth","media","rolled_back"
13.93,8.47,128,2,47.35,11.26,"Gamma","auth","alta","success"
13.55,3.69,129,3,70.59,12.3,"Alpha","api","media","success"
12.99,7.03,117,2,70.63,7.62,"Beta","auth","baja","success"
14.07,7.2,121,3,47.92,3.84,"Alpha","api","media","failed"
19.99,7.19,109,2,86.62,2.53,"Delta","database","baja","failed"
15.71,8.08,92,2,83.54,28.11,"Gamma","ui","media","success"
12.79,8.98,135,0,85.34,4.64,"Gamma","database","alta","success"
19.16,10.99,128,1,82.83,1.15,"Alpha","api","media","success"
14.33,7.72,102,1,79.9,3.62,"Delta","api","baja","success"
14.6,6.42,127,3,72.9,5.24,"Delta","database","alta","success"
16.98,5.03,133,0,99.38,15.18,"Alpha","ui","media","failed"
12.64,8.84,126,3,66.49,10.33,"Alpha","auth","alta","success"
14.9,6.93,133,5,72.1,3.35,"Delta","payments","crítica","success"
10.9,9.53,122,5,92.71,1.69,"Alpha","api","media","rolled_back"
12.5,5.82,126,2,90.29,3.34,"Delta","api","alta","rolled_back"
12.16,7.26,124,2,82.02,4.73,"Gamma","auth","baja","success"
9.44,4.86,110,2,83.31,11.64,"Delta","ui","media","success"
20.14,9.39,130,4,62.19,4.94,"Alpha","database","media","failed"
9.76,7.49,113,3,84.63,20.68,"Alpha","api","alta","success"
10.58,14.99,125,0,80.34,8.4,"Beta","ui","baja","rolled_back"
17.3,6.91,126,1,73.74,0.83,"Delta","payments","crítica","success"
11.92,5.97,122,3,73.26,10.92,"Alpha","payments","media","success"
16.67,12.91,126,2,87.59,13.45,"Alpha","database","media","success"
9.57,12.82,126,0,67.08,6,"Gamma","auth","media","failed"
11.95,11.84,107,2,80.87,9.46,"Delta","database","media","success"
11,8.8,103,1,62.27,7.58,"Beta","payments","baja","success"
8.12,9.84,116,5,50.37,1.98,"Gamma","ui","baja","success"
10.79,10.32,104,3,82.63,7.71,"Gamma","payments","baja","failed"
9.38,10.82,102,0,84.89,9.33,"Gamma","ui","crítica","success"
15.43,6.34,117,2,76.21,9.46,"Gamma","ui","baja","success"
10.84,6.02,134,0,87.53,18.39,"Beta","api","media","success"
11.67,10.72,111,1,82.11,7.53,"Beta","ui","crítica","success"
8.69,5.07,143,2,79.17,25.07,"Beta","ui","media","failed"
12.86,8.97,140,2,72.93,11.41,"Gamma","auth","media","success"
5.55,6.16,97,2,70.17,10.72,"Delta","database","media","success"
0.2,13.12,114,2,88.7,26.85,"Gamma","ui","media","success"
19.52,10.44,108,1,59.98,11.67,"Delta","api","alta","success"
15.03,9.32,124,1,71.33,5.43,"Beta","api","alta","success"
14.54,8.49,92,1,57.65,12.26,"Alpha","api","media","success"
3.05,5.98,121,2,76.93,5.04,"Beta","api","media","success"
14.71,6.8,116,0,86.51,16.62,"Delta","auth","media","success"
14.08,8.25,120,1,82.35,16.8,"Delta","payments","crítica","failed"
11.69,8.56,148,2,68.57,19.57,"Delta","payments","baja","success"
15.3,8.82,114,2,82.1,15.31,"Beta","payments","baja","success"
16.48,1.5,115,2,86.53,4.34,"Beta","payments","crítica","success"
11.51,8.88,120,3,74.71,19.27,"Gamma","auth","media","success"
19.78,9.46,120,2,87.85,9.82,"Delta","database","media","failed"
15.95,10.76,109,3,73.91,7.11,"Gamma","database","media","success"
16.9,11.91,125,1,68.26,8,"Delta","database","media","success"
10.74,10.19,119,1,81.88,8.41,"Alpha","api","media","success"
11.48,10.54,144,0,62.67,34.98,"Delta","auth","media","success"
8.31,6.94,106,2,70.04,9.41,"Delta","ui","baja","failed"
13.63,6.63,112,0,62.47,24.25,"Alpha","ui","alta","rolled_back"
13.06,5.84,112,1,38.64,2.04,"Beta","auth","baja","success"
12.37,12.08,114,3,79.7,22.73,"Beta","ui","alta","rolled_back"
9.28,2.89,119,1,61.58,6.75,"Beta","ui","media","success"
11.07,8.64,128,1,69.27,3.51,"Beta","database","baja","success"
19.94,8.1,113,1,77.18,7.45,"Gamma","ui","media","success"
8.28,9.11,120,0,84.17,16.16,"Delta","auth","alta","failed"
10.38,10.1,116,2,87.64,9.88,"Gamma","database","alta","success"
6.39,4.6,129,1,79.68,7.01,"Delta","payments","alta","rolled_back"
7.04,10,135,2,74.52,20.49,"Alpha","auth","media","success"
10.85,9,130,4,73.29,8.42,"Beta","api","media","success"
10.43,7.84,97,0,76.72,18.89,"Gamma","api","baja","success"
9.53,6.87,132,1,70.6,7.73,"Gamma","payments","media","success"
8.9,8.98,153,2,80.69,30.23,"Alpha","ui","alta","success"
11.21,6.11,112,5,75.27,4.69,"Delta","payments","crítica","success"
16.54,9,109,0,93.22,6.74,"Delta","database","media","success"
10.57,8.02,110,5,66.78,12.56,"Alpha","payments","alta","failed"
6.87,3.86,110,2,57.41,7.25,"Alpha","ui","alta","success"
7.72,12.33,131,2,100,6.49,"Beta","auth","alta","success"
3.98,13.23,133,1,62.99,15.51,"Gamma","ui","crítica","success"
5.16,10.66,132,2,79.74,12.45,"Beta","payments","alta","success"
9.01,6.97,141,0,71.18,27.47,"Beta","payments","alta","success"
8.09,6.53,118,2,96.49,15.63,"Delta","api","baja","success"
7.4,10.72,129,2,92.47,15.97,"Gamma","api","crítica","success"
19.96,10.35,120,4,67.4,3.4,"Gamma","ui","media","success"
19,10.74,116,1,62.59,6.17,"Beta","database","media","success"
22.26,7.33,116,2,62.14,5.8,"Gamma","ui","media","success"
15.11,10.88,124,3,90.87,2.54,"Gamma","database","media","failed"
11.36,12.46,108,1,56.96,11.57,"Gamma","ui","baja","success"
7.83,8.42,118,0,91.81,39.07,"Gamma","payments","alta","success"
7.6,8.46,117,2,74.04,10.84,"Alpha","database","media","success"
10.01,8.09,124,0,69.84,15.98,"Alpha","auth","crítica","success"
17.12,5.05,108,2,79.61,10.57,"Gamma","ui","alta","success"
14.67,5.1,117,2,56.79,5.49,"Beta","payments","baja","failed"
15.56,6.54,105,2,67.56,2.45,"Beta","auth","media","success"
11.25,9.16,117,2,78.84,13.45,"Delta","ui","alta","success"
5.79,8.66,115,1,73.34,12.71,"Gamma","database","baja","success"
13.31,11.05,138,2,81.96,12.84,"Alpha","api","media","success"
11.14,5.77,108,1,90.65,14.6,"Delta","payments","baja","failed"
10.78,7.73,139,4,91.46,1.99,"Gamma","auth","alta","failed"
20.74,6.82,109,2,74.59,12.3,"Gamma","database","media","success"
15.48,8.5,119,7,87.02,11.54,"Gamma","database","alta","success"
11.09,9.57,109,2,79.69,34.46,"Delta","payments","crítica","success"
4.39,12.23,102,5,84.73,7.54,"Alpha","payments","media","success"
10.85,12.16,122,0,81.89,11.89,"Alpha","payments","baja","success"
15.96,12.63,139,2,70.7,15.31,"Alpha","auth","crítica","success"
13.49,9.56,120,2,90.45,8.89,"Gamma","api","alta","failed"
13.09,12.51,134,2,63.65,4.56,"Delta","database","alta","rolled_back"
16.18,5.24,122,2,70.36,6.55,"Alpha","auth","media","success"
11.32,8.37,106,5,80.73,23.99,"Gamma","database","baja","success"
10.62,11.62,127,1,92.55,20.36,"Delta","auth","alta","failed"
10.98,7.27,135,3,78.29,7.66,"Alpha","payments","crítica","success"
14.94,9.19,121,3,74.35,17.43,"Gamma","database","baja","success"
10.92,9.91,134,1,60.42,14.68,"Alpha","ui","alta","success"
15.04,7.47,115,1,83.84,17.2,"Alpha","payments","media","failed"
7.09,11.13,121,3,82.47,8.94,"Delta","api","media","success"
6.92,9.36,116,1,69.67,4.7,"Beta","api","media","success"
12.51,6.03,118,2,55.75,10.04,"Alpha","ui","media","success"
15.04,10.95,107,2,69.72,1.36,"Delta","auth","media","success"
10.37,4.92,101,2,51.2,21.73,"Gamma","api","alta","success"
9.69,10.36,100,2,92.54,27.27,"Beta","auth","media","success"
0.64,5.99,130,1,57.46,23.62,"Alpha","payments","baja","success"
13.5,9.52,114,5,72.47,13.63,"Gamma","auth","media","success"
8.39,9.11,117,0,94.68,22.12,"Beta","payments","baja","failed"
13.61,10.94,104,2,90.58,21.44,"Gamma","api","media","failed"
17.71,9.04,109,2,74.21,11.07,"Alpha","payments","media","success"
10.02,10.12,112,1,73.22,2.53,"Gamma","payments","media","success"
14.79,6.22,140,1,84.77,1.59,"Delta","auth","media","success"
11.39,7.77,132,4,100,4.33,"Alpha","database","media","success"
13.47,10.64,119,0,87.39,8.67,"Gamma","payments","media","success"
7.38,5.9,138,2,76.56,31.73,"Beta","api","baja","success"
13.67,5.45,119,0,63.8,19.62,"Beta","auth","media","success"
17.22,7.6,118,3,88.5,9.91,"Beta","auth","media","failed"
19.19,7.7,103,1,93.56,26.77,"Delta","ui","media","success"
7.25,8.01,115,3,77,15.94,"Alpha","ui","baja","success"
14.13,13.79,135,4,65.22,22.63,"Alpha","ui","baja","success"
9.97,4.24,102,1,62.03,12.27,"Alpha","api","baja","success"
14.09,5.71,134,0,54.54,17.89,"Beta","database","alta","success"
11.29,5.94,110,2,68.28,4.15,"Beta","api","crítica","success"
11.01,11.62,122,2,69.77,5.14,"Alpha","payments","crítica","failed"
14.73,11.13,112,4,72.43,2.87,"Gamma","auth","media","failed"
14.98,5.67,116,1,67.51,8.47,"Alpha","api","media","success"
13.12,5.33,131,1,67.1,7.83,"Beta","ui","crítica","rolled_back"
13.86,7.17,111,0,66.73,4.29,"Alpha","payments","baja","success"
13.51,3.01,106,1,91.63,6.53,"Beta","database","media","success"
13.11,9.23,143,1,81.88,32.46,"Delta","auth","crítica","failed"
12.36,7.81,120,2,62.19,12.97,"Delta","auth","alta","success"
15.66,3.71,137,1,89.77,9.64,"Alpha","database","media","success"
14.84,7.41,112,4,79.85,7.26,"Beta","payments","media","success"
15.18,7.89,103,2,82.78,10.7,"Delta","api","alta","success"
16.43,10.09,122,1,80.21,14.08,"Alpha","ui","media","success"
14.2,7.86,101,2,86.69,17.04,"Alpha","ui","alta","success"
11.39,6.22,119,2,74.19,33.24,"Alpha","ui","media","success"
7.64,6.4,107,3,75.31,22.27,"Gamma","auth","baja","success"
10.05,11.38,116,2,88.86,10.37,"Gamma","api","media","failed"
8.52,7.24,122,1,96.29,25.33,"Gamma","database","media","failed"
10.81,8.75,105,2,77.9,15.56,"Gamma","database","alta","success"
9.9,9.02,122,4,76,4.85,"Alpha","api","crítica","success"
11.21,9.11,116,1,85.65,4.96,"Alpha","api","media","success"
7.9,4.25,144,2,93.61,13.1,"Alpha","payments","media","success"
9.51,9.72,116,2,93.01,25.39,"Gamma","auth","media","rolled_back"
13.42,10.97,126,1,77.34,7.87,"Delta","payments","alta","success"
12.85,13.14,88,2,60.13,2.23,"Gamma","payments","media","success"
10.38,4.71,103,2,100,8.2,"Alpha","payments","crítica","success"
16.05,5.14,101,0,85.43,14.56,"Beta","api","alta","success"
5.44,9.1,124,2,80.82,11.22,"Beta","database","baja","success"
13.93,6.73,121,1,87.78,13.53,"Beta","database","media","success"
18.28,11.13,119,4,86.31,8.9,"Gamma","payments","media","success"
10.37,4.22,127,0,98.07,14.21,"Alpha","api","baja","success"
13.55,8.93,127,1,65.95,21.85,"Beta","auth","media","success"
9.77,8.97,113,2,73.12,7.42,"Gamma","auth","media","success"
11.91,10.21,137,2,65.38,11.62,"Beta","ui","alta","success"
15.26,10.26,128,1,49.09,7.02,"Delta","api","baja","success"
8.34,8.28,102,1,74.55,7.39,"Gamma","payments","media","failed"
9.78,3.86,118,3,72.6,9.95,"Gamma","database","crítica","success"
14.13,8.83,116,2,95.64,2.18,"Alpha","database","baja","success"
13.66,8.95,108,1,93.97,5.8,"Delta","ui","alta","success"
15.23,3.38,139,4,77.9,7.5,"Gamma","auth","media","success"
17.01,10.81,140,3,75.44,8.3,"Gamma","database","baja","rolled_back"
15.08,8.27,128,3,98.92,11.36,"Gamma","payments","media","success"
7.69,5.21,132,2,87.68,22.18,"Alpha","payments","media","rolled_back"
12.62,8.68,111,5,95.35,1.64,"Gamma","ui","alta","success"
10.4,10.39,138,0,78.72,6.36,"Delta","api","crítica","success"
11.98,9.46,104,0,75.38,5.84,"Gamma","auth","media","success"
15.67,6.99,118,3,75.76,5.27,"Delta","payments","crítica","success"
13.1,13.9,110,0,87.22,4.09,"Alpha","payments","media","success"
12.62,7.53,127,2,99.57,8.98,"Delta","payments","alta","success"
11.52,8.83,133,2,80.23,13.97,"Beta","auth","crítica","failed"
13.59,9.19,129,2,63.83,3.34,"Alpha","ui","media","success"
7.29,10.36,125,2,96.63,5.95,"Delta","auth","crítica","success"
10.31,10.12,115,2,75.14,7.85,"Beta","database","alta","success"
18.47,7.95,147,4,70.55,9.57,"Delta","payments","alta","success"
14.46,7.67,122,2,59.33,6.54,"Beta","payments","media","success"
8.15,5.3,112,1,84.45,5.35,"Beta","database","media","failed"
7.09,9.04,122,4,62.95,8.92,"Beta","api","alta","success"
8.16,9.78,119,2,82.67,15.53,"Gamma","auth","crítica","success"
14.32,6.95,123,2,72.01,20.02,"Delta","database","media","success"
13.73,10.13,113,3,74.13,7.92,"Gamma","payments","alta","success"
9.73,8.16,130,2,70.52,11.82,"Gamma","ui","media","failed"
10.53,9.31,116,1,79.69,5.57,"Gamma","payments","media","success"
15.91,6.14,103,3,80.57,4.62,"Gamma","auth","media","success"
10.77,10.68,115,0,91.15,21.54,"Delta","payments","media","success"
11.77,4.77,143,3,93.07,10.53,"Alpha","ui","media","failed"
13.41,13.25,132,1,52.86,7.17,"Delta","database","alta","success"
11.27,7.55,128,1,78.08,5.11,"Delta","api","alta","success"
9.06,4.49,135,2,88.47,34.06,"Alpha","auth","baja","failed"
10.35,5.39,119,0,68.22,11.32,"Gamma","auth","baja","success"
7.68,3,117,3,69.4,27.62,"Delta","payments","alta","rolled_back"
13.88,7.49,122,2,66.99,13.95,"Gamma","database","alta","success"
17.33,8.47,127,1,80.02,13.28,"Gamma","auth","media","success"
12.98,6.39,127,0,65.17,6.17,"Beta","ui","baja","success"
15.25,7.58,117,3,58.85,7.11,"Alpha","api","media","success"
9.4,4.74,111,3,87.6,39.07,"Alpha","ui","media","success"
11.44,10.54,129,2,68.9,15.65,"Gamma","payments","alta","failed"
11.46,7.58,131,6,52.8,16.03,"Beta","api","media","success"
6.28,8.71,124,3,78.18,5.85,"Gamma","auth","media","success"
12.36,13.31,119,2,61.93,27.51,"Gamma","ui","crítica","success"
13.92,10.44,120,2,80.65,16.98,"Gamma","payments","baja","failed"
14.73,5.03,113,2,93.55,3.37,"Alpha","database","media","success"
17.26,10.81,110,7,65.47,13.57,"Beta","auth","crítica","success"
6.11,3.83,124,3,84.77,21.48,"Alpha","database","baja","success"
14.47,15.17,120,2,97.28,11.01,"Beta","auth","alta","success"
14.87,11.69,129,3,95.46,14.38,"Alpha","api","baja","success"
11.16,4.1,116,4,93.77,15.13,"Alpha","database","media","success"
14.41,5.9,110,1,80.99,12.83,"Beta","ui","media","success"
6.34,11.88,106,1,69.8,7.84,"Alpha","payments","baja","success"
12.86,5.1,117,3,72.1,14.28,"Gamma","database","baja","success"
0.5,14,123,3,66.57,17.43,"Beta","auth","alta","success"
13.25,11.31,123,3,78.31,7.31,"Gamma","api","media","success"
18.41,10.09,133,1,85.69,16.04,"Delta","database","media","success"
18.17,6.87,115,6,76.83,11.06,"Gamma","auth","media","success"
1.36,12.18,124,2,83.4,6,"Beta","auth","media","success"
14.14,8.45,116,4,76.86,11.48,"Gamma","api","baja","success"
10.6,10.71,113,1,69.34,6.41,"Alpha","database","crítica","success"
11.9,6.56,117,3,90.98,25.32,"Alpha","auth","media","success"
3.14,10.03,125,1,81.14,1.96,"Alpha","ui","media","success"
13.54,5.57,121,3,77.86,19.36,"Gamma","ui","media","success"
9.89,6.66,131,2,91.54,19.74,"Delta","payments","media","success"
13.5,7.55,120,3,77.09,8.61,"Gamma","database","media","success"
11.24,11.01,109,1,63.65,18.9,"Alpha","database","media","success"
7.9,8.46,125,0,96.3,31.25,"Alpha","database","baja","success"
13.33,6.87,124,1,73.25,5.95,"Beta","payments","crítica","success"
14.38,5.39,117,4,54.3,9.07,"Alpha","database","media","success"
12.22,6.16,115,2,78.42,8.91,"Alpha","ui","alta","success"
14.27,8.79,107,1,66.97,2.58,"Alpha","auth","alta","failed"
10.14,8.9,83,2,86.67,6.22,"Beta","ui","media","success"
17.14,7.29,117,2,77.46,4.88,"Delta","ui","alta","success"
10.57,6.32,122,0,74.66,2.95,"Gamma","database","baja","success"
9.68,2.82,106,1,72.53,8.8,"Gamma","payments","baja","success"
16.17,8.95,128,0,82.73,4.12,"Gamma","auth","crítica","success"
16.46,7.07,105,5,71.06,12.46,"Gamma","api","media","failed"
14.72,7.89,121,0,87.4,18.21,"Beta","api","media","success"
12.88,7.66,109,1,69.84,8.05,"Delta","payments","media","success"
18.38,2.89,126,4,66.13,13,"Delta","api","alta","success"
7.96,7.78,120,1,71.63,16.68,"Alpha","auth","alta","failed"
16.55,12.51,124,0,76.34,12.63,"Gamma","api","media","success"
18.86,12.62,124,1,51.38,8.05,"Delta","auth","alta","success"
12.22,4.24,121,3,65.85,21.96,"Delta","database","baja","success"
14.34,8.08,131,1,87.02,4.29,"Gamma","auth","baja","success"
14.44,2.8,134,2,57.86,2.27,"Beta","auth","alta","failed"
16.77,6.52,126,1,79.13,3.19,"Alpha","api","baja","success"
8.56,12.34,110,4,73.96,27.51,"Beta","payments","alta","success"
15.58,10.08,117,0,95.52,12.33,"Alpha","api","media","success"
5.16,7.14,118,2,77.91,13.92,"Beta","database","alta","success"
20.31,7.01,123,1,99.68,17.09,"Delta","ui","media","success"
9.71,7.8,111,0,73.05,5.45,"Beta","ui","baja","success"
10.74,5.04,120,0,90.21,11.69,"Delta","payments","baja","success"
13.04,8.25,131,3,66.26,8.59,"Gamma","database","media","success"
7,5.9,141,3,88.97,6.02,"Delta","database","crítica","success"
10.95,4.61,129,5,69.33,6.02,"Delta","ui","alta","success"
12.25,5.94,121,2,79.18,11.56,"Beta","auth","alta","success"
10.64,10.61,114,2,80.53,19.75,"Beta","payments","alta","success"
20.11,5.37,116,1,78.09,3.72,"Beta","payments","media","failed"
4.85,5.61,112,2,79.99,6.84,"Beta","auth","baja","success"
11.58,2.19,110,1,76.35,1.21,"Beta","auth","crítica","success"
16.72,9.36,104,1,83.29,11.33,"Gamma","ui","crítica","success"
8.66,8.22,128,1,67.51,3.83,"Delta","payments","alta","success"
11.44,7.03,107,0,100,11.35,"Beta","payments","media","success"
19.77,10.27,121,0,71.59,10.04,"Alpha","api","crítica","success"
4.53,8.05,114,0,66.39,7.8,"Alpha","database","baja","success"
8.79,9.44,116,2,59.06,11.81,"Gamma","api","baja","success"
7.21,6.95,127,3,95.79,9.35,"Beta","database","crítica","success"
14.52,6.41,120,1,67.96,11.57,"Delta","api","baja","success"
8.54,10.76,105,4,49.29,10.86,"Alpha","auth","alta","success"
13.87,10.08,119,3,83.91,6.88,"Delta","database","media","success"
9.42,10.28,116,1,61.12,28.75,"Delta","database","baja","success"
11.39,9.04,127,2,77.06,4.68,"Gamma","api","media","success"
15.42,7.69,135,1,71.56,5.55,"Delta","ui","alta","success"
12.55,5.83,119,0,66.83,9.7,"Beta","auth","media","failed"
4.24,12.95,111,1,73.99,5.39,"Alpha","auth","baja","success"
9.86,8.39,106,3,75.46,10.11,"Delta","payments","baja","success"
14.85,7.14,143,3,68.87,9.61,"Gamma","payments","crítica","rolled_back"
19.44,12.43,96,1,47.64,11.37,"Beta","payments","crítica","success"
7.54,12.22,106,5,92.37,18.68,"Beta","ui","media","success"
11.09,6.33,125,2,84.03,5.49,"Gamma","database","baja","success"
11.67,7.99,101,5,73.27,21.98,"Beta","api","baja","rolled_back"
9.07,7.28,118,1,92.92,37.8,"Gamma","database","baja","success"
6.47,10.39,90,5,72.2,2.58,"Delta","api","baja","success"
19.36,7.22,113,1,61.25,8.54,"Gamma","payments","baja","success"
17.91,8.68,120,2,76.58,8.06,"Alpha","auth","crítica","success"
6.37,8.1,115,1,83.07,8.94,"Delta","ui","crítica","success"
4.46,7.99,120,4,85.04,29.42,"Gamma","api","baja","success"
10.89,5.56,106,2,86.28,26.35,"Gamma","database","baja","success"
13.72,8.36,115,1,72.6,12.9,"Beta","auth","alta","success"
11.48,9.14,142,2,75.3,7.94,"Beta","database","baja","success"
16.52,8.09,116,1,88.11,22.68,"Gamma","database","baja","success"
11.01,7.07,116,2,67.06,8.93,"Gamma","ui","media","success"
7.34,9.41,119,1,92.51,17.21,"Gamma","auth","media","success"
18.08,8.3,110,1,80.37,5.88,"Gamma","payments","crítica","success"
11.06,10.08,131,2,87.1,9.36,"Delta","auth","baja","failed"
10.86,5.44,111,1,81.94,23.89,"Gamma","payments","alta","success"
10.95,12.87,120,4,62.96,6.94,"Delta","api","baja","success"
12.22,5.39,104,1,73.88,14.93,"Beta","payments","media","success"
2.73,6.77,131,1,79.09,15.71,"Delta","database","baja","success"
14.73,9.88,107,3,92.61,7.3,"Beta","auth","baja","success"
14.88,8.97,130,3,91.06,19.68,"Gamma","api","alta","success"
14.52,4.28,117,3,57.78,11.01,"Beta","ui","crítica","success"
10.36,6.42,122,3,78.89,6.64,"Beta","api","baja","success"
12.4,9.82,111,2,86.18,1.01,"Alpha","api","baja","rolled_back"
6.26,13.37,127,1,81.68,8.01,"Beta","database","baja","failed"
13.44,12.28,122,3,87.7,9.07,"Beta","ui","alta","rolled_back"
8.73,12.89,100,0,58.78,6.92,"Delta","ui","media","success"
17.27,10.85,116,2,94.66,8.9,"Alpha","database","media","success"
8.3,9.21,133,2,84.86,12.77,"Beta","api","alta","success"
3.76,7.3,122,3,90.67,14,"Gamma","payments","media","success"
12.69,9.68,113,0,88.66,16.05,"Delta","ui","media","success"
5.48,6.47,113,2,75.85,4.27,"Gamma","auth","media","rolled_back"
8.29,2.99,121,1,45.61,7.12,"Gamma","api","alta","success"
15.22,11.03,132,3,76.76,4.28,"Beta","payments","baja","success"
19.49,6.71,128,0,58.7,9.76,"Delta","api","alta","rolled_back"
10.95,9.82,108,2,75.61,15.35,"Alpha","auth","media","success"
15.89,3.69,114,1,91.81,12.39,"Beta","database","media","success"
6.49,0.5,107,4,79.52,30.31,"Beta","api","media","success"
18.92,7.72,125,2,76.11,9.25,"Delta","auth","baja","success"
11.98,4.38,121,3,84.26,6.58,"Alpha","database","crítica","success"
8.88,7.08,140,1,76.74,7.47,"Alpha","payments","media","success"
13.59,8.85,111,1,73.22,15.66,"Delta","ui","crítica","success"
8.76,6.66,133,2,59.91,11.71,"Delta","payments","media","success"
12.2,8.08,116,3,78.53,11.09,"Alpha","ui","alta","failed"
12.41,6.19,113,6,62.3,7.34,"Beta","auth","alta","success"
16.68,5.26,102,2,77.41,12.98,"Gamma","auth","alta","success"
9.73,7.41,104,4,94.03,8.3,"Alpha","auth","baja","success"
10.5,10.53,122,1,59.59,3.42,"Gamma","api","crítica","success"
12.5,5.25,106,1,58.52,15.45,"Beta","auth","media","success"
15.59,10.19,116,3,90.22,7,"Beta","database","alta","success"
19.58,6.64,118,3,78.95,18.13,"Beta","database","media","success"
18.33,4.69,128,4,89.65,11.99,"Delta","ui","media","success"
15.84,9.59,132,2,66.8,20.49,"Beta","database","media","success"
4.39,9.83,135,4,73.16,3.07,"Delta","ui","media","success"
15.79,10.92,116,2,73.58,3.46,"Gamma","auth","baja","success"
15.01,9.48,121,3,70.35,22.27,"Gamma","database","baja","success"
9.21,7.89,113,3,100,12.77,"Gamma","ui","media","success"
9.74,11.8,129,2,72.37,5.54,"Beta","api","alta","failed"
6.52,6.91,122,1,68.63,23.72,"Delta","database","media","success"
11.95,7.79,130,2,100,11.47,"Delta","api","media","success"
12.36,7.17,126,1,72.97,8.06,"Beta","payments","baja","failed"
4.99,9.86,127,2,58.41,23.76,"Beta","payments","media","success"
5.67,7.06,100,1,76.41,17.76,"Delta","auth","alta","success"
12.7,9.63,125,1,71.13,9.56,"Alpha","database","media","success"
7.89,4.41,115,2,64.54,11.23,"Alpha","database","media","success"
10.8,6.05,137,4,89.48,15.65,"Gamma","auth","alta","success"
16.03,8.73,106,1,70.17,11.71,"Beta","ui","media","success"
10.3,8.48,126,3,62.02,12.31,"Alpha","payments","baja","success"
12.51,6.25,133,3,71.85,7.25,"Alpha","api","media","success"
14.46,11.48,99,2,90.89,16.33,"Alpha","database","baja","rolled_back"
7.5,10.05,95,3,84.46,8.82,"Delta","api","media","success"
16.97,8.22,127,3,72.05,11.2,"Gamma","database","baja","success"
15.67,8.74,122,2,84.37,20.85,"Gamma","database","alta","success"
17.09,7.33,148,2,80.34,21.12,"Delta","ui","baja","success"
10.3,11.04,100,3,63.43,5.37,"Delta","payments","media","success"
6.14,8.93,111,6,89.28,12.76,"Delta","api","crítica","success"
14.04,3,126,2,78.65,18.85,"Gamma","ui","baja","success"
14.47,8.08,125,1,68.38,11.43,"Delta","payments","media","success"
22.16,7.88,103,3,55,11.19,"Gamma","database","media","success"
18.88,5.46,110,2,63.92,8.55,"Beta","ui","media","success"
10.14,7.08,113,4,68.98,11.53,"Beta","ui","crítica","success"
7.97,12.29,129,0,95.26,7.61,"Beta","auth","media","success"
14.48,14.34,125,0,73.51,6.95,"Alpha","database","crítica","success"
19.97,10.72,132,1,90.64,12.8,"Alpha","ui","baja","success"
7.27,6.89,111,1,87.1,8.12,"Alpha","payments","baja","success"
8.88,10.48,134,2,68.11,4.53,"Delta","api","media","success"
18.99,9.75,107,2,79.67,4.57,"Beta","api","media","success"
19.35,12.39,108,2,80.35,13.67,"Beta","ui","baja","success"
12.78,6.38,113,1,80.18,10.9,"Gamma","auth","baja","success"
5.52,10.22,116,2,75.06,21.89,"Gamma","payments","alta","failed"
9.83,14.55,140,1,83.05,11.17,"Beta","ui","alta","success"
16.67,2.75,118,1,68.36,17.15,"Gamma","auth","baja","success"
20.61,10.19,95,1,81.23,21.19,"Delta","payments","crítica","success"
11.94,11.31,118,1,70.1,8.31,"Gamma","api","alta","success"
9.47,9.22,109,4,82.55,15.13,"Delta","api","media","success"
13.22,9.44,118,2,72.89,14.1,"Gamma","auth","alta","failed"
12.58,6.11,117,2,100,8.68,"Gamma","auth","baja","success"
8.36,6.16,123,1,78.13,18.24,"Gamma","ui","media","success"
14.37,5.44,120,0,72.4,5.14,"Delta","auth","baja","success"
17.56,3.7,106,1,86.95,7.08,"Beta","ui","alta","rolled_back"
12.05,9.08,133,3,79.23,10.6,"Delta","ui","alta","success"
14.5,8.28,116,1,100,8.94,"Delta","database","media","success"
13.01,7.93,121,2,55.97,27.27,"Gamma","database","media","success"
13.85,8.39,106,3,65.72,6.72,"Alpha","ui","alta","success"
11.15,6.97,141,2,90.52,13.24,"Gamma","payments","crítica","success"
16.79,12.43,129,3,74.34,28.13,"Delta","auth","baja","success"
12.93,8.89,134,2,98.86,19.47,"Beta","payments","crítica","success"
9.99,7.95,110,0,100,10.91,"Delta","api","media","success"
14.52,5.35,103,2,93.88,9.01,"Delta","api","alta","success"
15.83,5.55,121,1,74.63,6.26,"Gamma","payments","media","failed"
11.7,6.13,124,3,61.19,10.11,"Delta","payments","alta","success"
1.29,9.17,108,0,82.98,7.08,"Delta","api","baja","success"
18.54,10.29,132,0,63.94,14.88,"Delta","ui","media","success"
9,6.59,117,2,70.14,35.89,"Beta","database","alta","success"
10.6,5.9,122,1,81.2,7.55,"Gamma","auth","baja","success"
18.47,6.17,111,1,90.15,11.49,"Gamma","ui","baja","success"
4.41,5.29,125,0,80.72,7.6,"Beta","auth","crítica","success"
7.57,8.27,130,1,87.02,3.05,"Gamma","api","alta","success"
9,11.06,127,2,90.04,11.05,"Beta","database","baja","success"
6.75,1.48,142,1,100,7.33,"Delta","ui","crítica","success"
16.41,7.8,122,2,80.61,7.57,"Gamma","ui","media","success"
17.06,11.28,128,2,75.35,20.61,"Beta","payments","baja","success"
14,6.03,114,2,90.75,4.45,"Delta","ui","baja","success"
10.24,7.73,122,1,78.39,10.78,"Gamma","payments","baja","success"
10.31,9.99,124,2,67.51,5.79,"Gamma","auth","alta","rolled_back"
9.73,8.91,118,1,82.52,13.31,"Delta","api","media","success"
9.9,8.83,129,1,77.5,17.85,"Delta","payments","alta","failed"
13.93,2.28,102,2,72.05,6.89,"Beta","payments","media","success"
15.64,6.97,114,2,80.77,33.35,"Gamma","auth","baja","success"
10.17,7.53,122,0,86.32,1.74,"Alpha","api","crítica","success"
13.28,10.65,116,2,100,7.24,"Alpha","database","media","failed"
2.46,8.8,123,1,68.48,12.87,"Delta","ui","crítica","success"
12.3,9.89,122,4,75.91,10.27,"Beta","api","baja","success"
8.49,10.14,100,1,57.79,8.08,"Beta","api","alta","success"
16.39,4.38,108,2,66.9,11.75,"Delta","database","alta","success"
16.74,9.35,134,2,68.4,21.04,"Alpha","payments","media","success"
3.21,9.27,114,1,74.85,6.98,"Alpha","ui","crítica","success"
15.69,4.78,111,2,73.19,11.27,"Alpha","auth","crítica","success"
9.74,2.78,115,0,80.32,10.62,"Gamma","payments","media","success"
11.34,8.61,113,1,68.32,3.98,"Alpha","ui","crítica","success"
15.59,9.14,120,2,100,3.24,"Delta","auth","baja","success"
14.76,6.27,123,0,64.02,23.63,"Alpha","payments","baja","failed"
8.72,10.56,107,2,83.22,0.88,"Alpha","auth","crítica","success"
13.28,4.58,126,2,88.78,7.35,"Gamma","api","media","success"
10.13,12.84,127,3,74.9,9.34,"Alpha","api","alta","failed"
17.01,9.54,123,2,100,12.07,"Delta","database","media","failed"
5.71,11.73,125,2,78.13,11.59,"Alpha","database","alta","success"
15.28,10.04,130,1,71.2,7.95,"Gamma","auth","baja","success"
17.56,8.86,125,0,66.5,2.23,"Alpha","auth","alta","success"
1.56,8.98,124,4,62.67,8.67,"Alpha","ui","crítica","success"
14.59,11.21,122,2,69.33,12.87,"Beta","ui","alta","success"
10.55,10.79,106,1,88.28,31.09,"Alpha","ui","crítica","success"
12.44,8.63,95,4,65.04,10.81,"Gamma","api","media","success"
10.92,13.13,113,2,82.93,16.89,"Alpha","database","baja","success"
14.77,5.37,102,2,90.28,25.96,"Delta","ui","media","success"
15.71,4.74,132,2,82.79,5.8,"Alpha","payments","alta","success"
14.37,14.15,131,2,85.24,4.7,"Beta","auth","baja","success"
11.57,6.02,110,0,90,17.64,"Beta","database","baja","success"
10.3,11.98,131,3,84.44,11.02,"Alpha","auth","alta","success"
11.44,10.05,119,1,84.41,31.9,"Beta","api","alta","success"
11.09,6.93,110,1,81.24,3.31,"Alpha","ui","alta","failed"
12.82,8.04,100,1,88.37,9.69,"Delta","api","baja","success"
8.7,6.99,121,4,76.29,16.86,"Alpha","database","crítica","success"
14.34,8.25,131,0,59.72,10.31,"Beta","database","alta","success"
8.01,6.76,127,2,88.67,6.29,"Delta","ui","alta","success"
6.06,5.31,114,2,84.42,3.32,"Gamma","database","baja","success"
13.03,9.72,106,1,77.26,3.66,"Gamma","api","baja","success"
13.66,7.27,108,3,71.96,20.86,"Beta","payments","media","success"
16.1,7.53,130,1,79.52,25.07,"Gamma","ui","baja","success"
14.9,7.13,125,1,86.08,8.14,"Alpha","auth","alta","rolled_back"
12.88,8.87,133,2,100,29.69,"Beta","database","media","success"
14.77,5.55,122,2,53.93,17.23,"Delta","database","media","success"
8.08,8.83,107,1,71.83,15.75,"Gamma","ui","baja","success"
7.44,6.7,115,3,75.2,22.03,"Beta","ui","alta","success"
7.14,7.43,119,1,90.83,19.57,"Beta","payments","media","rolled_back"
12.18,6.77,112,3,64.16,23.81,"Delta","auth","baja","success"
14.65,8.15,111,1,67.34,19.63,"Gamma","database","crítica","success"
15.63,9.1,139,1,73.47,25.98,"Delta","ui","crítica","success"
17.93,5.84,124,3,82.44,2.7,"Delta","api","baja","success"
13.32,6.57,116,0,81.18,24.61,"Alpha","database","media","success"
11.49,7.68,114,1,89.24,24.84,"Gamma","api","media","success"
9.35,4.01,108,5,51.11,13.74,"Beta","payments","media","success"
13.02,7.7,140,2,73.08,28.42,"Beta","database","crítica","success"
11.74,12.13,122,1,88.39,15.43,"Beta","database","media","failed"
10.7,7.09,104,0,96.16,23.1,"Delta","auth","alta","success"
9.29,7.9,116,3,88.65,5.92,"Beta","ui","media","success"
7.98,5.25,141,1,67.45,9.8,"Beta","ui","media","success"
8.07,7.17,104,3,67.72,7.59,"Delta","payments","media","failed"
17.88,9.29,115,2,55.4,12.05,"Gamma","auth","baja","success"
13,9.96,122,4,59.58,27.18,"Beta","payments","alta","success"
10.28,8.4,122,3,55.52,7.21,"Gamma","api","crítica","success"
5.68,7.41,116,6,70.23,5.18,"Alpha","payments","media","success"
12.77,5.06,120,3,74.64,7.61,"Alpha","payments","media","success"
10.01,7.97,120,3,99.15,6.23,"Gamma","payments","alta","success"
11.66,8.77,111,3,72.93,7.37,"Gamma","payments","alta","failed"
11.17,7.05,119,2,70.85,11.48,"Delta","database","alta","failed"
15.1,10.37,122,1,85.77,40.19,"Gamma","payments","baja","success"
11.73,8.58,135,1,75.53,22.34,"Beta","api","alta","success"
11.29,5.62,154,1,69.28,9.31,"Delta","payments","alta","success"
21.49,7.09,116,3,72.78,16.72,"Beta","database","alta","success"
16.35,6.42,117,6,81.92,9.05,"Alpha","database","media","success"
12.52,4.83,116,0,65.07,23.86,"Gamma","api","alta","success"
9.08,5.17,94,1,77.62,17.53,"Gamma","payments","alta","success"
16.72,7.12,126,3,58.13,19.79,"Alpha","database","alta","success"
8.27,6.14,116,1,78,20.55,"Delta","auth","alta","success"
11.81,8.37,112,2,88.75,8.07,"Delta","payments","media","success"
15.41,3.23,124,3,88.31,14.65,"Alpha","auth","baja","success"
10.35,4.59,107,1,82.21,13.08,"Alpha","database","media","failed"
10.53,11.43,135,3,65.51,10.93,"Alpha","database","crítica","success"
13.76,7.1,138,1,85.7,12.07,"Beta","payments","baja","success"
12.56,8.65,125,1,100,8.49,"Gamma","api","crítica","success"
11,10,111,1,60.51,20.36,"Beta","api","media","success"
11.16,7.82,130,0,100,4.57,"Delta","auth","baja","success"
13,11.07,117,1,69.08,2.84,"Gamma","ui","media","success"
13.87,10.04,147,1,85.65,17.37,"Alpha","database","alta","success"
17.18,13.11,114,2,70.83,6.87,"Alpha","database","alta","success"
10.32,10.25,119,2,71.49,13.7,"Delta","api","baja","success"
17.27,12.83,134,1,85.13,19.7,"Alpha","ui","media","success"
6.14,8.08,137,0,57.98,11.41,"Beta","ui","baja","success"
9.42,5.1,116,2,78.47,11.25,"Gamma","ui","crítica","success"
6.59,10.69,104,2,73.35,14.55,"Gamma","database","alta","success"
13.24,7.24,117,2,57.5,6.04,"Beta","api","media","success"
13.68,9.21,120,3,85.6,4.68,"Alpha","ui","alta","success"
6.54,12.36,139,4,75.75,3.75,"Alpha","auth","alta","success"
12.19,10,116,3,77.35,17.88,"Gamma","api","baja","success"
8.34,4.25,106,5,69.58,4.39,"Beta","database","media","success"
13.98,11.77,110,2,78.58,8.05,"Delta","ui","baja","failed"
5.78,9.84,119,1,94.08,8.79,"Beta","api","media","success"
15.46,7.74,110,0,77,5.13,"Gamma","auth","alta","failed"
11.82,6.32,107,2,75.89,8.68,"Gamma","ui","alta","success"
7.86,7.91,103,4,81.26,2.58,"Beta","payments","baja","success"
11.67,4.76,117,3,74.71,3.4,"Beta","auth","alta","success"
10.94,2.4,109,3,78.19,17.72,"Delta","database","media","success"
10.54,6.05,119,5,86.35,15.53,"Gamma","payments","alta","failed"
6.01,7.91,121,1,100,14.96,"Alpha","auth","media","success"
9.66,4.93,134,2,73.58,18.32,"Gamma","auth","alta","success"
11.31,2.41,112,4,76.72,15.99,"Beta","ui","baja","success"
6.07,9.47,112,1,98.28,21.96,"Alpha","ui","alta","success"
13.21,6.05,124,2,76.34,8.14,"Alpha","auth","baja","success"
17.49,8.12,99,0,91.61,11.95,"Alpha","auth","alta","success"
15.13,1.98,105,2,75.81,4.85,"Delta","payments","alta","success"
8.81,9.99,143,2,93.55,9.12,"Alpha","api","crítica","rolled_back"
9.37,5.71,118,2,58.37,9.23,"Beta","auth","media","success"
10.14,11.01,123,2,75.21,16.55,"Beta","ui","baja","success"
14.42,8.17,120,4,62.22,15.28,"Gamma","auth","media","failed"
11.84,8.53,138,2,77.69,4.06,"Beta","payments","crítica","success"
8.22,8.74,104,2,75.08,19.43,"Alpha","payments","media","success"
5.95,7.73,113,3,65,25.8,"Alpha","payments","alta","failed"
14.24,9.63,99,3,85.89,10.96,"Gamma","database","alta","success"
7.82,12.78,116,4,84.19,13.63,"Beta","api","media","success"
13.99,8.77,130,1,83.37,13.38,"Alpha","payments","media","success"
12.29,7.68,133,0,68.26,4.08,"Gamma","database","media","success"
14.89,7.47,101,3,75.73,4.4,"Gamma","database","media","success"
16.38,5.02,128,2,71.25,7.05,"Alpha","api","baja","success"
6.31,8.44,116,2,81.9,13.2,"Delta","database","media","success"
16.09,4.48,112,4,58.78,31.23,"Gamma","payments","baja","success"
14.75,5.27,129,1,76.82,2.36,"Beta","database","baja","success"
10.77,11.54,95,1,94.09,8.8,"Alpha","ui","media","success"
11.92,4.16,113,0,75.37,15.55,"Beta","ui","media","success"
13.95,13.33,112,3,87.43,21.13,"Beta","database","alta","success"
14.64,9.75,118,0,69.21,23.44,"Delta","database","crítica","success"
5.14,12.41,115,1,80.91,12.35,"Delta","database","alta","success"
17.84,9.13,125,1,57.94,13.55,"Alpha","database","baja","success"
6.37,7.53,136,6,74.12,3.19,"Gamma","database","media","success"
3.68,12.22,98,1,77.62,9.24,"Alpha","database","alta","success"
15.82,8.05,116,0,89.29,12.45,"Alpha","database","baja","success"
5.95,6.95,117,3,81.33,8.28,"Alpha","payments","media","success"
11.1,6.55,107,1,83.83,3.4,"Alpha","api","baja","failed"
6.61,6.64,110,2,81.5,17.8,"Delta","database","media","success"
4.82,9.12,131,3,88.14,6.83,"Delta","ui","media","success"
10.23,8.99,107,1,96.3,12.55,"Delta","database","crítica","rolled_back"
14.59,8.16,88,3,77.5,15.76,"Alpha","ui","media","success"
13.26,3.44,116,1,84.45,7.72,"Gamma","payments","baja","success"
9.43,5.21,135,0,81.55,21.05,"Alpha","api","media","success"
11.94,2.34,120,2,72.39,20.31,"Delta","auth","baja","failed"
11.61,4.95,115,1,76.75,3.96,"Alpha","auth","alta","success"
11.91,12.62,113,1,63.69,3.78,"Delta","ui","alta","failed"
10.22,11.8,129,3,100,14.3,"Gamma","api","media","success"
13.44,6.19,109,3,77.74,12.26,"Delta","ui","crítica","success"
7.67,11.12,118,4,66.77,24.73,"Gamma","payments","media","success"
13.51,7.66,127,2,86.26,25.45,"Alpha","database","media","success"
10.64,7.55,122,2,65.97,7.52,"Delta","database","media","rolled_back"
10.66,10.63,108,2,83.68,6.2,"Beta","database","media","success"
14.82,7.68,125,3,86.04,8.1,"Delta","database","media","success"
10.29,11.02,121,2,81.15,9.82,"Delta","api","baja","success"
8.06,8.73,124,1,72.13,14.59,"Delta","database","media","success"
7.19,5.54,124,4,57.48,13.64,"Gamma","api","baja","rolled_back"
14.68,9.02,130,3,74.51,25.43,"Alpha","auth","media","success"
2.67,7.91,120,4,92.09,17.79,"Delta","api","baja","success"
10.33,6.71,142,3,93.55,12.29,"Alpha","api","media","failed"
12.73,7.48,117,2,89.18,3.02,"Gamma","payments","baja","success"
6.5,8.02,131,1,87.38,8.66,"Beta","payments","media","success"
12.03,9.57,112,1,79.45,11.92,"Gamma","api","baja","success"
14.68,8.18,138,0,96.26,10.6,"Alpha","auth","media","success"
4.7,8.52,131,2,66.92,10.75,"Alpha","ui","media","success"
8.45,4.81,110,2,89.86,25.52,"Gamma","payments","baja","success"
19.05,7.53,115,0,61.96,1.74,"Alpha","database","crítica","success"
9.38,7.73,139,3,100,17.44,"Gamma","ui","media","success"
8.14,7.1,116,3,70.69,2.88,"Beta","database","media","success"
8.57,6.99,108,3,69.06,19.62,"Delta","api","baja","success"
10.26,8.03,127,1,86.15,14.21,"Alpha","api","media","success"
12.74,8.01,125,3,96.95,28.34,"Beta","auth","media","failed"
9.19,9.19,125,2,62.96,14.66,"Gamma","auth","media","success"
12.81,11.6,111,2,88.47,4.86,"Gamma","ui","crítica","failed"
14.81,7.45,129,3,88.91,15.5,"Gamma","api","baja","success"
13.34,7.34,117,0,74.7,7.29,"Gamma","ui","media","failed"
15,13.28,127,3,79.83,16.49,"Beta","ui","alta","success"
8.8,6.98,128,1,87.73,28.11,"Delta","ui","media","success"
11.51,6.61,136,2,63.85,13.23,"Alpha","payments","alta","success"
14.66,9.28,130,2,54.25,4.97,"Delta","ui","media","rolled_back"
12.22,7.65,115,2,79.79,6.6,"Gamma","api","media","success"
12.85,9.2,109,1,76.37,4.44,"Beta","api","baja","success"
12.2,9.93,113,0,83.68,5.35,"Delta","auth","media","success"
12.73,14.99,118,2,62.73,9.71,"Beta","ui","baja","success"
11.9,11.07,121,4,54.06,7.23,"Alpha","auth","baja","success"
7.6,10.36,110,2,74,3.66,"Beta","ui","baja","success"
12.7,8.77,130,3,76.65,10.88,"Beta","api","baja","failed"
10.18,7.01,142,0,83.61,10.56,"Beta","api","media","success"
17.74,8.13,129,6,66.54,8.54,"Alpha","database","baja","success"
9.88,5.42,114,2,71.24,9.59,"Beta","auth","media","success"
12.61,10.03,129,1,72.26,3.41,"Gamma","auth","crítica","success"
4.11,9.58,125,1,100,8.79,"Beta","api","media","success"
9.36,11.21,118,3,89.36,9.46,"Beta","ui","alta","success"
8.69,5.5,108,4,93.19,14.95,"Beta","api","baja","success"
16.93,7.35,112,1,69.28,4.83,"Delta","ui","baja","failed"
11.4,5.57,110,4,86.32,10.6,"Alpha","auth","alta","success"
12.58,7.47,119,1,64.62,11.55,"Beta","database","alta","success"
13.2,8.53,98,2,81.12,5.12,"Gamma","api","alta","success"
9.88,10.08,114,1,81.7,10.85,"Alpha","payments","alta","rolled_back"
13.2,8.75,115,1,94.2,14.27,"Gamma","api","media","success"
18.03,6.45,114,3,98.22,15.97,"Delta","ui","media","success"
14.47,7.78,104,3,74.89,14.31,"Delta","database","alta","success"
14.86,5.6,111,1,93.95,5.61,"Beta","ui","baja","success"
8.66,9.02,127,4,84.57,9.72,"Beta","ui","alta","failed"
12.72,9.43,123,3,88.33,8.6,"Delta","api","alta","rolled_back"
13.17,4.87,125,3,70.07,22.99,"Beta","database","media","success"
9.38,9.91,104,3,85.32,19.9,"Gamma","ui","crítica","success"
12.47,10.34,119,2,60.84,24.96,"Alpha","auth","alta","success"
19.89,9.63,136,4,59.48,3.31,"Delta","auth","media","success"
8.1,10.2,94,3,91.96,17.34,"Beta","auth","media","rolled_back"
14.21,5.64,106,0,84.59,17.17,"Gamma","auth","media","success"
7.7,5.77,129,3,78.62,15.43,"Beta","api","crítica","success"
13.41,11.31,143,4,87.66,1.53,"Beta","auth","baja","success"
7.83,9.82,136,4,82.84,13.74,"Alpha","database","media","success"
14.36,7.24,117,0,77.55,7.6,"Alpha","api","alta","success"
6.93,9.5,128,3,94.15,9.29,"Gamma","auth","media","failed"
12.08,12.53,121,3,80.92,15.45,"Gamma","database","crítica","success"
17.37,8.47,123,2,90.75,5.91,"Alpha","ui","media","success"
11.11,6.99,125,2,92.35,1.97,"Beta","payments","baja","success"
11.57,6.55,120,0,65.08,5.3,"Alpha","ui","media","success"
17.62,5.12,115,2,83.03,12.53,"Gamma","ui","baja","failed"
20.15,8.51,137,0,83.78,6.62,"Alpha","api","alta","success"
21.93,9.28,103,1,79.87,16.65,"Gamma","auth","crítica","success"
10.43,8.43,135,1,58.77,10.21,"Beta","payments","baja","success"
7.78,8.88,117,4,62.41,28.83,"Beta","auth","media","rolled_back"
14.6,7.62,98,5,98.76,6.46,"Beta","api","baja","failed"
13.74,9.18,125,2,89.15,5.22,"Gamma","database","crítica","success"
17.14,5.93,114,2,70.95,13.62,"Gamma","payments","crítica","success"
12.6,7.45,123,1,55.55,14.4,"Beta","auth","media","failed"
12.64,7.9,111,5,58.5,7.92,"Gamma","database","alta","success"
18.06,11.31,134,1,58.95,21.53,"Delta","ui","media","success"
12.65,2.85,114,2,69.05,4.22,"Delta","auth","crítica","success"
14.73,13.68,125,2,83.68,17.93,"Gamma","database","alta","success"
13.94,6.25,152,2,86.16,16.8,"Beta","database","media","success"
11.82,10.7,101,2,80.04,11.6,"Gamma","auth","baja","rolled_back"
9.86,7.34,123,1,51.51,12.09,"Beta","database","baja","success"
10.65,7.28,123,4,89.94,9.64,"Delta","payments","alta","success"
4.21,7.67,120,0,58.44,17.82,"Beta","api","crítica","success"
17.11,1.91,124,1,63.24,17.76,"Beta","api","baja","success"
5.62,15.19,141,1,95.92,10.72,"Gamma","auth","alta","success"
9.64,8.64,109,3,68.45,7.18,"Gamma","payments","baja","success"
10.52,9.68,119,3,67.04,5.1,"Beta","payments","baja","success"
16.82,6.51,121,2,92.13,6.38,"Gamma","auth","media","success"
12.23,6.19,99,3,94.22,14.2,"Beta","database","alta","failed"
15.78,11.38,124,1,79.65,6.37,"Delta","database","media","rolled_back"
10.82,9.98,122,3,92.57,14.38,"Delta","ui","baja","success"
18.69,10.8,89,2,93.04,5.99,"Gamma","api","baja","success"
13.95,7.21,139,2,84.61,12.71,"Gamma","payments","media","success"
14.19,4.66,129,2,82.56,5.65,"Beta","database","baja","success"
15.51,6.48,123,1,85.83,15.37,"Alpha","api","alta","success"
6.07,12.16,102,5,99.7,32.78,"Gamma","payments","media","success"
11.96,4.08,124,5,83.48,6.58,"Alpha","api","baja","success"
12.86,12.42,122,2,100,5.68,"Beta","payments","crítica","success"
8.93,6.77,112,1,64.49,8.66,"Gamma","database","alta","success"
12.05,4.08,144,1,62.5,8.29,"Gamma","payments","media","success"
9.11,5.16,112,3,100,5.4,"Gamma","auth","alta","success"
12.88,8.87,89,3,72.06,8.61,"Beta","auth","media","rolled_back"
4.86,7.28,113,2,75.25,19.78,"Beta","api","baja","success"
13.14,1.52,138,2,81.35,7.53,"Beta","payments","media","success"
9.45,7.08,126,3,79.18,10.58,"Beta","api","media","success"
15.76,11.93,109,0,80.77,16.12,"Beta","auth","media","failed"
4.11,7.14,123,2,100,18,"Delta","database","media","success"
12.17,11.88,127,3,71.56,11.48,"Alpha","ui","alta","success"
11.12,6.29,120,0,68.28,11.64,"Delta","payments","media","success"
15.76,9.85,119,2,69.29,11.73,"Beta","payments","media","success"
5.68,7.13,128,3,92.36,43.92,"Beta","ui","media","success"
9.81,10.27,107,4,100,12.41,"Alpha","api","alta","success"
14.85,3.38,133,1,83.01,3.7,"Delta","auth","crítica","failed"
14.45,8.51,123,2,61.7,19.52,"Beta","payments","media","success"
13.43,11.39,112,4,66.06,6.11,"Gamma","payments","alta","success"
13.15,5.89,113,2,84.35,12.81,"Alpha","auth","crítica","success"
5.33,12.14,109,0,74.46,1.95,"Gamma","auth","media","success"
15.4,6.99,123,1,63.52,9.97,"Alpha","database","media","success"
12.86,6.59,135,1,87.38,11.36,"Gamma","auth","baja","success"
4.74,5.23,113,2,59.16,32.27,"Beta","auth","media","success"
11.31,9.42,126,1,88.16,15.5,"Alpha","auth","alta","success"
15.82,5.23,117,1,62.93,2.86,"Gamma","api","alta","success"
14.82,4.47,114,1,100,30.21,"Gamma","auth","baja","success"
9.47,7.37,116,1,88.03,7.73,"Delta","ui","alta","success"
15.63,3.64,115,2,84.21,19.82,"Delta","database","media","failed"
10.41,5.78,116,2,73.44,7.96,"Gamma","auth","media","rolled_back"
13.53,12.87,136,1,87.3,13.91,"Alpha","payments","media","success"
15.71,8.12,120,1,72.41,30.83,"Alpha","auth","alta","failed"
13.56,10.14,121,1,78.46,7.21,"Alpha","payments","media","success"
9.39,3.95,104,0,53.09,16.97,"Beta","ui","media","success"
15.28,2.56,130,1,76.6,4.02,"Beta","api","media","failed"
17.91,10.4,116,1,98.57,11.33,"Delta","payments","crítica","success"
8.28,8.25,135,4,92.45,16.74,"Alpha","ui","media","success"
11.27,12.05,120,1,74.01,7.61,"Beta","payments","baja","success"
16.01,10.61,113,2,95.02,7.08,"Delta","api","crítica","success"
8.59,2.45,137,4,96.57,16.62,"Gamma","auth","alta","success"
5.12,11.01,122,1,91.52,10.72,"Beta","database","alta","success"
10.02,5.45,99,2,100,14.59,"Gamma","api","media","success"
16.27,7.78,124,4,91.15,11.95,"Beta","api","media","failed"
6.55,8.65,123,2,59.68,5.99,"Gamma","payments","alta","failed"
11.01,6.29,119,3,100,23.97,"Gamma","payments","baja","success"
15.85,6.08,118,2,78.57,9.84,"Beta","payments","alta","success"
12.19,8.03,121,0,76.41,1.19,"Delta","payments","baja","rolled_back"
14.27,8.67,132,1,79.12,7.87,"Gamma","database","baja","success"
18.5,4.01,132,1,72.73,8.11,"Delta","ui","alta","success"
15.6,12.43,119,0,65.28,6.25,"Beta","api","media","success"
14.36,11.37,129,5,43.02,28.91,"Alpha","ui","media","success"
13.96,7.17,112,5,61.27,51.02,"Alpha","auth","alta","success"
7.37,3.77,106,3,90.17,7.26,"Gamma","auth","media","success"
15.36,10.56,103,5,62.18,9.06,"Gamma","database","alta","success"
14.17,13.04,123,0,84.12,9.03,"Alpha","payments","baja","success"
13.61,5.21,105,2,78.45,36.16,"Alpha","auth","media","success"
12.23,8.41,132,1,88.61,4.32,"Alpha","payments","alta","success"
6.92,4.36,124,1,78.48,13.14,"Gamma","api","media","success"
12.61,6.75,127,3,73.1,2.62,"Gamma","database","media","success"
17.02,9.57,129,2,73.05,12.47,"Beta","ui","media","success"
9.55,4.38,114,3,73.55,17.5,"Gamma","database","media","success"
4.8,5.26,145,4,58.69,6.17,"Delta","api","media","success"
19.35,7.12,112,0,63.86,7.49,"Beta","payments","media","success"
9.74,6.64,133,1,64.68,12.03,"Alpha","auth","media","success"
16.56,8.04,144,1,89.73,5.35,"Alpha","payments","crítica","success"
14.5,7.71,136,2,94.65,6.49,"Alpha","api","alta","success"
18.63,3.09,109,3,73.74,26.34,"Delta","api","media","success"
11.83,4.8,108,2,71.96,2.97,"Delta","database","alta","rolled_back"
10.8,8.37,144,1,85.03,2.24,"Beta","ui","alta","success"
18.93,9.17,105,0,83.49,5.71,"Delta","api","baja","success"
20.63,11.62,132,5,96.06,9.45,"Gamma","payments","baja","success"
13.27,9.47,138,1,69.25,21.2,"Gamma","api","media","success"
12.68,7.94,136,0,67.22,10.09,"Alpha","database","media","success"
14.97,9.51,138,1,70.93,8.96,"Alpha","payments","media","success"
9.31,5.25,131,3,75.3,9.34,"Alpha","ui","crítica","success"
13.99,2.29,124,1,84.99,11.34,"Beta","database","media","success"
8.04,7.39,114,1,84.12,5.21,"Beta","database","media","success"
10.81,7.27,104,0,62.88,2.55,"Delta","auth","alta","success"
15.18,5.95,132,4,76.32,1.47,"Beta","database","alta","success"
8.95,2.39,111,3,67.99,21.9,"Alpha","database","media","success"
15.4,4.59,108,5,70.11,10.47,"Delta","payments","baja","success"
14.01,11.73,121,1,82.01,7.67,"Beta","database","media","failed"
17.73,5.21,123,2,70.43,10.31,"Alpha","database","media","success"
20.66,7.94,136,4,61.64,18.89,"Beta","payments","media","failed"
9.7,7.15,116,4,62.67,3.63,"Gamma","api","baja","success"
13.56,12.22,120,3,82.58,23.68,"Delta","payments","alta","success"
18.23,8.36,131,4,57.36,3.01,"Alpha","database","baja","success"
12.8,13.07,109,6,82.64,8.14,"Gamma","ui","crítica","success"
9.38,10.61,118,4,51.88,7.15,"Alpha","api","media","success"
8.01,4.13,125,2,89.9,6.03,"Alpha","ui","media","success"
17.6,8.27,121,3,69.57,16.03,"Gamma","ui","media","success"
22.4,9.15,122,1,76.15,12.17,"Beta","api","media","success"
7.81,6.42,121,4,87.28,15.94,"Alpha","payments","baja","success"
12.44,7.04,132,1,70.79,37.31,"Alpha","auth","baja","success"
5.73,8.07,126,2,100,23.24,"Alpha","api","media","success"
12.28,3.18,112,2,71.71,8.39,"Gamma","database","baja","failed"
10.77,2.65,122,5,62.19,4.78,"Gamma","api","media","success"
11.95,6.2,120,4,83.35,9.79,"Alpha","auth","baja","success"
23.58,9.09,142,3,64.66,6.93,"Gamma","payments","media","success"
6.41,10.82,121,2,76.08,8.13,"Beta","auth","media","failed"
13.73,1.94,102,2,48.2,1.99,"Delta","database","baja","success"
19.33,7.46,120,0,76.96,7.61,"Alpha","auth","media","failed"
9.56,5.72,121,1,58.94,16.33,"Alpha","ui","alta","rolled_back"
8.72,6.51,126,1,62.9,5.35,"Beta","payments","baja","success"
12.19,10.48,120,1,64.22,14.34,"Delta","ui","alta","success"
17.2,13.04,119,3,90.94,9.99,"Delta","database","baja","failed"
10.63,7.17,129,3,78.58,21.62,"Delta","payments","baja","success"
7.9,8.12,133,4,89.27,4.86,"Alpha","api","media","success"
12.28,3.63,117,2,83.72,1.49,"Beta","database","media","success"
3.93,14.89,105,0,72.73,21.3,"Delta","ui","media","success"
6.1,7.92,114,1,96.81,9.97,"Gamma","ui","media","success"
16.35,9.78,112,1,79.99,15.69,"Delta","ui","media","success"
13.84,9.15,136,2,53.61,11.66,"Delta","auth","media","success"
3.3,4.85,99,1,85.51,20.65,"Alpha","auth","alta","success"
14.47,8.41,111,1,90.99,7.04,"Delta","auth","media","success"
2.78,4.71,133,2,63.69,9.04,"Delta","ui","baja","success"
10.21,8.25,113,0,65.09,3.11,"Beta","api","media","success"
13.2,8.77,102,2,64,20.78,"Alpha","database","baja","success"
6.29,5.57,128,2,82.11,17.96,"Alpha","api","alta","success"
17.07,4.56,121,3,75.16,2.98,"Gamma","ui","media","success"
16.86,8.15,115,2,61.3,13.05,"Alpha","database","alta","failed"
9.3,8.25,126,6,66.59,12.9,"Beta","ui","alta","failed"
16.48,8.27,135,1,56.3,11.8,"Alpha","database","media","success"
12.79,12.83,103,2,96.85,8.57,"Alpha","database","baja","success"
14.6,6.46,106,2,74.09,10.5,"Gamma","payments","media","failed"
14.68,6.59,124,1,70.9,6.76,"Beta","database","media","success"
6.86,5.53,126,1,80.18,1.77,"Beta","ui","media","success"
3.9,14.83,103,2,78.42,6.03,"Delta","database","media","failed"
20.82,6.2,122,3,80.12,3.72,"Delta","database","media","success"
12.93,11.33,119,1,63.57,7.85,"Delta","ui","media","rolled_back"
13.5,4.95,123,2,77.91,14.5,"Alpha","ui","alta","success"
7.23,11.5,99,2,92.73,7.44,"Delta","api","alta","success"
16.53,8.83,130,0,70.69,26.32,"Gamma","payments","alta","success"
19.36,5.95,117,2,75.27,23.69,"Beta","payments","alta","success"
18.11,8.77,120,5,67.64,4.82,"Gamma","payments","media","success"
3.91,10.83,126,1,78.24,43.8,"Alpha","api","media","failed"
7.84,10.33,110,0,78.42,9.75,"Beta","database","crítica","success"
12.39,8.56,139,1,73.8,26.02,"Beta","auth","media","success"
14.79,6.96,115,1,71.37,4.04,"Alpha","database","alta","success"
9.82,3.87,113,0,92.34,9.29,"Beta","auth","media","success"
8.57,5.55,110,1,77.05,7.34,"Delta","database","alta","success"
12.92,5.23,125,1,84.42,5.95,"Beta","api","media","failed"
8.23,9.53,124,4,96.13,32.08,"Alpha","payments","crítica","success"
20.17,6.93,127,2,69.49,19.43,"Alpha","database","alta","failed"
4.7,9.23,117,1,84.86,14.33,"Delta","api","baja","success"
14.04,9.93,128,2,71.84,12.25,"Beta","api","baja","success"
4.01,10.21,119,1,67.34,6.07,"Beta","api","alta","success"
10.02,12.59,119,3,71.4,15.2,"Delta","api","crítica","rolled_back"
17.94,6.99,119,0,79.67,8.42,"Beta","ui","baja","success"
16.49,7.2,125,3,81.05,6.81,"Gamma","database","alta","success"
6.4,6.28,103,3,100,10.24,"Gamma","auth","alta","success"
6.1,11.3,112,4,85.28,28.91,"Delta","database","alta","success"
12.23,6.94,113,1,78.39,5.5,"Gamma","ui","media","success"
8.19,7.86,123,4,70.89,10.05,"Gamma","auth","alta","success"
13.62,6.49,105,0,73.85,16.77,"Gamma","auth","crítica","success"
8.06,7.36,123,2,57.57,17.77,"Alpha","database","alta","success"
5.56,8.75,126,0,81.43,14.92,"Beta","payments","alta","rolled_back"
10.28,5.65,108,2,86.11,7.04,"Beta","auth","media","success"
7.1,10.36,108,2,88.76,34.81,"Beta","ui","alta","success"
16.35,5.07,123,1,71.78,7.09,"Gamma","api","media","success"
10.66,10.13,125,1,75.93,7.31,"Delta","database","media","success"
11.85,6.29,103,1,66.92,11.2,"Delta","payments","alta","success"
17.52,5.73,125,1,87.61,13.11,"Beta","auth","baja","success"
19.43,10.89,139,2,62.45,15.11,"Delta","database","alta","success"
11.79,7.97,128,3,79.26,8,"Delta","ui","media","success"
13.33,8.54,123,1,67.63,24.1,"Delta","ui","baja","success"
17.24,11.54,118,0,72.27,16.76,"Delta","api","media","rolled_back"
11.3,9.93,105,2,85.87,6.15,"Delta","ui","media","success"
7.83,7.8,110,3,70.38,5.21,"Delta","api","media","success"
15.98,5.62,116,1,70.02,5.29,"Gamma","database","baja","success"
5.9,8.66,113,2,72.02,28.17,"Beta","payments","media","success"
11.02,7.06,126,2,77.08,1.44,"Delta","ui","baja","failed"
10.39,10.08,124,0,84.95,5.55,"Beta","ui","media","rolled_back"
9.91,5.19,114,2,86.3,5.95,"Beta","payments","media","failed"
0.99,6.28,138,4,90.46,12.35,"Alpha","api","media","success"
9.65,15.14,132,1,80.9,11.47,"Delta","payments","baja","success"
17.07,11.34,119,4,86.8,9.98,"Alpha","database","media","success"
10.12,5.33,141,0,88.4,22.12,"Alpha","ui","baja","failed"
9.52,6.73,107,1,62.78,27.04,"Alpha","payments","alta","success"
9.34,7.72,126,0,70,20.11,"Alpha","database","media","failed"
8.5,6.13,119,1,64.07,17.99,"Beta","ui","media","success"
12.58,10.2,116,5,76.16,25.02,"Alpha","database","media","success"
14.37,8.62,129,1,76.66,9.26,"Alpha","api","alta","success"
17.79,11.97,133,1,71.99,21.02,"Alpha","database","media","success"
5.74,7.73,121,4,64.89,4.19,"Gamma","api","baja","failed"
13.58,10.23,117,3,59.24,16.59,"Gamma","payments","media","success"
11.39,8.86,112,0,63.97,5.02,"Gamma","auth","alta","rolled_back"
13.14,4.46,111,3,78.04,20.19,"Alpha","database","media","success"
7.87,4.5,101,0,95.53,9.53,"Gamma","payments","alta","rolled_back"
12.18,8.2,114,1,87.73,3.98,"Delta","ui","crítica","success"
7.39,3.57,118,3,91.84,9.02,"Alpha","auth","baja","failed"
14.64,5.67,131,1,58.18,4.1,"Beta","api","alta","success"
8.22,9.7,121,6,75.65,21.8,"Beta","api","baja","failed"
12.25,9.72,120,1,83.19,20.29,"Alpha","database","alta","failed"
3.49,6.86,106,1,81.76,14.13,"Alpha","database","alta","success"
13.31,8.13,127,0,69.28,5.84,"Gamma","ui","crítica","rolled_back"
16.43,5.07,130,4,63.22,9.73,"Beta","api","baja","success"
15.06,7.73,109,1,88.15,3.8,"Alpha","api","alta","success"
16.21,10.25,122,2,90.03,13.54,"Beta","auth","baja","success"
6.58,11.17,131,1,52.83,16.02,"Gamma","ui","media","success"
11.32,4.85,114,1,79.02,5.64,"Gamma","ui","media","success"
11.72,7.11,126,1,64.4,3.17,"Delta","ui","baja","success"
14.88,7.63,132,2,93.08,31.36,"Gamma","database","baja","rolled_back"
11.33,8.4,119,1,85.87,6.35,"Delta","api","media","success"
11.19,4.84,115,1,71.1,18.71,"Alpha","ui","baja","failed"
18.71,8.4,105,2,91.27,14.28,"Gamma","auth","media","success"
16.36,9.29,143,2,94.86,7.24,"Beta","payments","crítica","success"
4.97,11.99,118,2,77.69,8.97,"Gamma","payments","baja","success"
10.46,5.13,114,2,92.04,6.84,"Delta","database","media","success"
8.03,9.41,112,2,77.12,7.36,"Delta","database","baja","failed"
23.89,7.21,101,1,82.96,1.87,"Delta","ui","alta","success"
10.02,3.75,136,2,66.26,9.4,"Delta","payments","alta","success"
16.59,12.92,110,0,73.18,8.62,"Alpha","ui","media","success"
12.39,5.47,123,2,75.45,9.8,"Delta","auth","baja","failed"
12.44,6.28,128,4,74.12,19.89,"Gamma","ui","baja","failed"
13.98,7.24,148,2,94.19,1.63,"Alpha","auth","alta","success"
11.43,8.75,110,0,71.99,17.07,"Gamma","database","media","success"
15.33,8.32,125,1,87.45,9.96,"Gamma","ui","crítica","success"
14.24,4.21,105,5,86.87,15.35,"Delta","payments","alta","failed"
5.26,6.17,119,4,66.6,1.18,"Gamma","api","media","success"
9.78,9.59,109,0,72.79,25.1,"Beta","ui","alta","success"
9.91,5.73,121,2,71.54,15.12,"Gamma","payments","alta","success"
9.98,8.54,134,0,87.76,15.28,"Gamma","ui","media","success"
16.26,8.26,128,2,73.01,11.44,"Beta","auth","crítica","success"
17.95,10.33,118,2,69.27,10.07,"Delta","api","media","failed"
8.31,9.55,124,3,73.83,33.95,"Alpha","api","alta","failed"
14.17,8.89,140,1,97.17,8.35,"Gamma","auth","media","success"
7.32,10.56,103,0,72.81,14.57,"Gamma","ui","alta","success"
9.77,8.82,109,1,88.85,7.78,"Beta","database","baja","success"
13.19,5.94,138,2,71.83,13.52,"Gamma","payments","baja","success"
11.24,7.14,95,2,75.82,3.06,"Alpha","api","baja","success"
9.28,6.3,114,3,62.41,18.17,"Gamma","database","alta","success"
6.97,6.12,120,3,97.04,7.87,"Delta","payments","media","success"
10.75,11.01,119,1,63.1,13.64,"Beta","payments","media","success"
12.21,10.51,123,2,93.07,12.99,"Delta","ui","baja","success"
14.25,8.89,118,1,77.29,8.41,"Alpha","database","crítica","success"
8.5,8.01,145,2,74.88,18.99,"Delta","ui","media","success"
14.35,7.97,127,1,76.69,9.63,"Beta","ui","media","success"
7.34,6.72,123,1,79.68,9.79,"Alpha","database","media","success"
9.82,9.22,108,4,72.29,19.21,"Gamma","payments","baja","success"
13.8,4.6,111,1,78.07,7.44,"Delta","database","media","success"
9.23,5.09,111,1,88.17,4.73,"Alpha","database","baja","success"
8.88,9.66,105,1,70.03,4.7,"Alpha","auth","media","success"
11.81,5.92,111,5,88.49,26.53,"Alpha","payments","media","success"
12.14,9.93,134,1,100,9.05,"Gamma","ui","media","failed"
15.74,8.24,118,1,66.37,21.24,"Beta","api","media","success"
11.07,8.57,134,2,84.76,6.93,"Beta","auth","media","failed"
5.2,7.46,133,0,63.01,7.7,"Gamma","database","baja","success"
9.38,6.79,136,2,77.13,12.53,"Beta","database","media","success"
9.48,12.24,100,0,83.74,13.81,"Gamma","database","media","success"
8.27,7.03,133,1,67.29,8.79,"Beta","api","baja","success"
13.29,14.14,122,1,55.95,18.69,"Gamma","payments","media","success"
22.01,8.62,93,1,72.42,7.94,"Delta","ui","media","success"
15.18,8.1,111,1,56.57,32.48,"Gamma","ui","baja","failed"
11.38,9.44,119,0,57.8,9.79,"Gamma","api","alta","success"
14.01,9.83,131,3,75.57,14.55,"Delta","api","alta","success"
17.77,4.01,121,1,65.42,9.85,"Gamma","api","crítica","success"
10.76,7.68,123,1,71.12,17.38,"Delta","payments","baja","success"
14.66,8.49,132,1,82.27,27.79,"Gamma","ui","baja","success"
14.25,4.78,112,2,86.73,20.3,"Alpha","database","media","success"
11.51,5.2,113,1,86.63,8.47,"Gamma","auth","media","success"
12.23,6.57,116,2,68.87,29.8,"Delta","ui","media","success"
14.61,9.34,131,4,96.92,3.97,"Alpha","ui","media","success"
11.9,6.81,121,1,87.15,7.86,"Delta","ui","media","success"
10.64,5.72,125,1,73.84,1.45,"Beta","api","alta","success"
9.62,4.27,129,1,80.39,1.07,"Delta","api","media","success"
13.16,3.56,111,1,82.99,5.42,"Delta","auth","media","success"
11.78,9.79,117,6,87.03,9.87,"Beta","payments","alta","failed"
10.51,9.99,130,2,88.59,2.4,"Beta","payments","baja","success"
12.71,4.78,123,1,79.28,3.73,"Delta","api","alta","success"
8.91,5.38,108,3,75.69,22.59,"Gamma","api","alta","success"
8.79,8.18,136,5,79.66,22.7,"Beta","database","media","success"
17.49,13.09,117,5,73.12,6.21,"Beta","ui","media","success"
8.47,12.4,115,2,53.42,2.05,"Beta","auth","baja","success"
13.26,7.11,142,1,79.33,14.02,"Alpha","payments","alta","success"
8.13,6.16,124,0,66.63,15.03,"Gamma","auth","alta","success"
11.08,12.62,142,2,96.49,16.03,"Beta","database","media","success"
13.56,11.73,115,0,96.34,10.27,"Delta","auth","baja","success"
7.96,3.88,109,1,88.67,11.09,"Gamma","api","alta","success"
14.38,5.06,144,2,74.62,7.07,"Alpha","database","alta","success"
12.88,9.82,116,5,69.64,0.88,"Gamma","database","media","success"
10.73,7.6,126,2,77.37,6.64,"Beta","payments","baja","failed"
12.98,1.58,118,4,71.2,7.46,"Beta","payments","alta","success"
12.3,8.3,157,3,73.22,13.23,"Beta","api","alta","rolled_back"
8.64,12,114,1,83.09,8.01,"Beta","auth","media","success"
6.41,8.06,106,2,98.12,16.77,"Delta","payments","media","success"
12.42,10.23,119,6,73.55,23.54,"Delta","ui","baja","success"
7.98,5.85,122,1,58.8,30.63,"Gamma","auth","crítica","success"
11.86,7.75,124,2,74.74,6.06,"Delta","payments","media","success"
5.41,10.37,105,0,75.68,9.46,"Delta","auth","media","success"
8.28,7.63,112,0,69.36,5.09,"Delta","api","media","success"
13.09,7.84,130,3,92.76,14.36,"Delta","payments","alta","failed"
16.18,8.46,125,4,84.37,9.53,"Delta","payments","crítica","success"
12.68,5.47,113,3,59.06,4.7,"Alpha","auth","media","failed"
8.02,5.95,135,1,92.4,1.77,"Delta","ui","baja","success"
10.34,6.91,122,0,65.38,19.81,"Alpha","api","media","success"
16.37,5.55,136,0,70.89,15.7,"Beta","auth","media","success"
14.07,10.86,136,1,95.96,11.31,"Beta","auth","media","success"
15.15,5.81,103,3,76.98,4.31,"Gamma","api","media","success"
15.99,7.71,130,1,68.55,10.67,"Gamma","auth","media","success"
13.51,11.38,120,0,55.02,12.65,"Beta","payments","baja","success"
16.44,6.92,114,2,77.55,22.65,"Delta","payments","media","success"
8.11,6.19,118,3,65.85,13.94,"Alpha","database","alta","success"
13.2,8.54,116,2,82.45,6.5,"Beta","payments","media","success"
10.64,8.07,133,0,73.09,11.53,"Beta","payments","alta","success"
12.81,8.5,117,2,74.86,5.88,"Alpha","api","baja","success"
17.3,5.65,113,1,78.03,14.18,"Delta","payments","media","success"
14.02,6.29,124,5,61.54,2.49,"Alpha","auth","baja","success"
9.48,9.5,101,2,80.93,12.97,"Delta","ui","media","failed"
10.6,1.4,119,2,78.96,8.54,"Delta","database","alta","rolled_back"
8.19,11.05,119,6,68.52,8.24,"Alpha","database","media","rolled_back"
11.64,8.7,102,5,77.3,3.37,"Delta","auth","alta","success"
10,4.22,118,3,81.63,11.78,"Gamma","database","media","success"
15.17,3.25,114,1,73.87,3.46,"Gamma","payments","alta","success"
10.03,5.66,117,2,58.47,19.42,"Gamma","api","baja","success"
14.84,10.7,128,3,96.35,13.06,"Beta","api","media","success"
14.88,8.94,120,4,68.66,4.6,"Gamma","payments","baja","success"
10.26,7.35,133,4,90.56,1.4,"Beta","auth","crítica","rolled_back"
17.71,8.57,114,0,99.73,4.2,"Gamma","auth","media","success"
12.11,11.14,131,5,68.05,3.78,"Gamma","payments","alta","success"
9.39,7.72,119,3,82.59,8.49,"Delta","payments","media","failed"
12.3,7.5,120,3,92.36,4.33,"Beta","ui","alta","success"
8.04,7.14,125,1,94.37,11.18,"Gamma","api","media","success"
14.6,7.49,118,2,72.6,6.96,"Gamma","auth","media","success"
8.42,3.07,97,4,88.5,12.65,"Alpha","ui","alta","success"
17.17,7.62,122,0,65.47,7.36,"Gamma","database","media","success"
3.7,13.74,125,2,54.65,22.31,"Gamma","database","crítica","success"
7.55,7.67,124,2,72.47,11.74,"Delta","database","alta","success"
10.65,9.64,128,2,63.66,8.76,"Delta","ui","media","failed"
9.2,7.08,115,5,68.63,15.77,"Delta","database","media","success"
17.39,11.74,135,1,76.07,7.74,"Alpha","payments","baja","success"
11.76,9.75,121,1,77.98,2.31,"Delta","ui","baja","success"
13.42,7.8,117,0,97.02,9.53,"Delta","ui","alta","success"
14.83,7.13,119,0,55.97,11.82,"Delta","database","media","success"
12.61,6.86,140,3,73.75,5.57,"Beta","auth","baja","success"
15.84,5.99,135,3,75.13,8.42,"Beta","database","alta","failed"
13.76,9.36,114,3,98.19,25.34,"Delta","database","baja","failed"
14.79,8.6,128,1,77.86,11.44,"Gamma","payments","alta","success"
6.06,10.72,101,0,92.1,11.04,"Alpha","api","media","failed"
7.49,6.57,116,0,92.45,12.87,"Alpha","database","baja","success"
3.09,4.2,126,1,91.9,6.39,"Beta","api","baja","success"
10.99,3.1,129,1,97.1,22.76,"Alpha","api","media","success"
17.73,1.95,102,0,67.3,8.72,"Alpha","auth","media","success"
8.09,9.89,127,0,68,6.36,"Delta","api","alta","success"
13.26,7.97,120,3,76.27,5.76,"Gamma","auth","alta","success"
13.76,9.74,102,1,61.3,18.48,"Gamma","database","crítica","success"
12.95,10.22,131,2,79.24,11.75,"Alpha","auth","alta","success"
10.86,6.45,111,2,79.13,15.01,"Delta","ui","media","success"
9.53,12.08,123,2,96.8,18.34,"Beta","payments","alta","success"
9.45,13.16,132,1,59.18,18.3,"Delta","ui","media","success"
12.07,8.39,105,2,97.01,7.29,"Delta","payments","alta","success"
17.2,7.41,96,4,82.1,7.74,"Beta","database","alta","success"
8.83,9.52,134,4,90.94,15.28,"Beta","auth","media","success"
11.51,10.25,110,3,96.57,5.82,"Beta","ui","alta","failed"
12.4,11.33,141,1,87.31,12.39,"Delta","database","alta","success"
15.17,9.82,109,4,79.6,4.91,"Delta","database","alta","success"
11.07,7.69,112,1,80.7,13.88,"Beta","ui","alta","failed"
14.55,8.89,146,5,71.83,5,"Delta","database","baja","success"
6.01,7,139,4,77.64,6.79,"Gamma","database","baja","success"
14.87,5.69,118,1,89.73,14.73,"Gamma","payments","media","failed"
12.39,4.31,111,3,81.13,4.07,"Gamma","payments","alta","success"
7.62,4.44,120,3,78.3,12.4,"Gamma","auth","alta","failed"
2.68,7.01,119,1,66.82,7.16,"Delta","ui","baja","success"
10.54,9.35,121,3,80.13,12.52,"Delta","ui","media","success"
14.68,10.47,138,0,56.86,24.38,"Alpha","database","baja","success"
13.28,8.33,124,2,63.85,12.46,"Alpha","ui","media","success"
10.54,7.4,123,4,72.72,8.35,"Delta","auth","baja","success"
12.2,3.51,102,1,71.88,15.17,"Delta","auth","alta","failed"
12.62,7.38,121,1,63.94,27.25,"Alpha","api","baja","success"
8.99,5.81,123,3,98.49,8.2,"Gamma","api","media","success"
12.22,4.69,129,1,92.85,9.22,"Beta","payments","media","success"
12.45,5.27,119,1,66.52,14.26,"Beta","database","baja","success"
9.11,6.95,125,3,82.61,12.89,"Alpha","ui","media","success"
12.79,7.1,110,2,100,23.15,"Alpha","database","media","success"
13.24,10.88,120,2,80.17,10.66,"Beta","api","baja","success"
14.11,13.53,113,2,84.87,10.45,"Gamma","payments","media","rolled_back"
14.84,9.21,125,1,89.27,7.87,"Delta","api","baja","rolled_back"
13.64,7.72,126,2,96.67,6.4,"Delta","ui","alta","success"
13.21,12.42,134,2,76.89,13.03,"Alpha","ui","crítica","success"
11.62,9.44,119,1,88.86,9.16,"Gamma","payments","crítica","rolled_back"
13.8,8.61,112,1,71.64,14.06,"Alpha","payments","media","failed"
6.92,11.04,121,3,87.8,34.7,"Delta","auth","baja","rolled_back"
14.62,4.05,113,1,66.98,2.97,"Delta","ui","media","success"
9.86,9,120,3,71.32,9.42,"Delta","payments","alta","success"
21.35,7.99,113,2,98.88,26.6,"Alpha","ui","media","success"
9.61,10.3,125,2,87.79,11.65,"Beta","database","crítica","success"
0.45,5.94,114,6,59.47,9.11,"Delta","auth","media","success"
17.49,6.59,115,1,70.88,9,"Gamma","payments","media","success"
9.61,10.63,125,1,75.8,3.74,"Alpha","payments","media","success"
14.37,8.87,118,2,69.47,13.15,"Beta","database","media","success"
12.9,6.05,132,0,71.47,23.52,"Gamma","payments","alta","success"
16.39,5.89,120,1,68.43,12.25,"Gamma","database","alta","success"
8.39,6.08,132,5,72.13,3.4,"Beta","api","baja","success"
7.24,8.8,107,0,74.12,8.98,"Gamma","payments","media","success"
16.26,9.9,131,3,86.89,5.83,"Delta","ui","crítica","success"
8.17,4.8,108,1,70.64,10.07,"Gamma","database","media","failed"
5.87,9.55,107,3,53.77,15.02,"Beta","api","baja","success"
15.11,9,134,1,82.03,2.83,"Delta","payments","media","failed"
11.74,8.58,118,2,72.02,25.84,"Alpha","ui","alta","success"
21.11,8.51,107,0,85.96,7.21,"Delta","ui","media","success"
13.37,6.42,133,2,63.89,21.76,"Gamma","ui","baja","success"
10.59,2.83,97,1,73.46,6.88,"Delta","database","baja","rolled_back"
9.49,6.34,105,1,89.05,17.54,"Delta","database","baja","success"
18.74,4.39,116,2,77.35,29.29,"Gamma","database","alta","success"
7.14,8.17,120,2,59.45,30.6,"Beta","api","alta","success"
14.47,3.62,111,1,94.08,11.06,"Beta","auth","media","rolled_back"
14.25,8.59,143,3,76.99,11.3,"Beta","auth","crítica","success"
9.71,13.85,116,4,77.44,2.27,"Alpha","database","baja","success"
18.14,10.94,124,1,63.51,16.83,"Delta","payments","media","success"
9.01,10.49,139,0,65.38,8.29,"Gamma","auth","baja","success"
11.92,7.48,129,3,64.63,26.8,"Gamma","payments","media","success"
13.55,6.33,118,1,88.28,3.99,"Delta","auth","media","success"
21.29,4.44,105,3,85.59,3.22,"Gamma","payments","crítica","success"
14.46,9.54,105,3,77.8,6.33,"Gamma","ui","media","failed"
18.93,9.93,130,4,55.03,1.88,"Alpha","auth","media","rolled_back"
9.09,10.1,150,4,70.93,2.52,"Delta","database","alta","failed"
5.02,6.38,128,2,88.36,9.88,"Beta","payments","media","success"
15.56,7.08,123,2,82.42,1.66,"Alpha","payments","alta","failed"
5.49,4.28,120,2,89.43,19.93,"Alpha","api","media","success"
6.63,7.94,118,2,87.08,5.2,"Alpha","auth","alta","success"
14.44,5.68,120,3,65.01,10.97,"Gamma","payments","alta","success"
11.78,4.53,115,4,48.99,9.37,"Gamma","payments","baja","success"
15.39,5.1,117,4,54.98,11.53,"Delta","payments","media","rolled_back"
17.73,7.69,112,1,80.02,21.53,"Alpha","ui","alta","success"
15.65,8.55,124,0,85.24,28.54,"Delta","database","crítica","success"
13.53,10.18,126,1,87.05,11.95,"Alpha","api","alta","failed"
14.21,3.1,121,2,74.88,9.67,"Gamma","database","alta","success"
12.58,11.86,121,0,64.25,10.65,"Alpha","ui","crítica","success"
18.83,5.74,114,2,71.2,17.49,"Beta","database","alta","success"
12.21,8.84,132,2,100,10.55,"Alpha","ui","media","success"
15.23,10.46,119,1,54.49,44.45,"Delta","payments","alta","rolled_back"
8.24,5.83,133,1,82.26,11.4,"Alpha","auth","baja","success"
12.16,5.62,117,2,79.09,19.64,"Gamma","ui","alta","success"
4.01,8.54,135,3,77.77,6.65,"Delta","database","media","success"
12.55,5.01,133,1,89.51,14.67,"Beta","payments","alta","success"
6.05,6.98,127,3,83.64,7.91,"Delta","auth","media","failed"
11.47,5.61,118,1,74.72,20.45,"Delta","api","alta","success"
11.04,8.68,104,4,77.77,14.26,"Alpha","database","alta","success"
15.89,9.78,118,3,87.62,11.28,"Alpha","auth","baja","success"
9.43,10.65,115,2,59.65,4.73,"Delta","auth","media","success"
9.34,7.21,125,1,81.88,15.43,"Alpha","api","media","success"
4.11,7.78,107,2,57.21,9.92,"Beta","payments","baja","success"
14.48,7.8,107,3,86.66,10.29,"Gamma","database","media","success"
16.35,7.87,125,2,71.12,9.4,"Beta","api","media","success"
11.1,7.48,130,1,85.75,8.21,"Delta","payments","media","success"
17.92,6.1,118,4,76.59,12.47,"Gamma","payments","media","success"
10.36,8.47,116,1,91.28,2.24,"Beta","ui","alta","success"
7.99,6.5,138,3,100,15.75,"Alpha","database","media","failed"
12.92,7.91,122,1,60.59,29.38,"Beta","ui","media","success"
14.75,7.78,123,1,75.98,22.55,"Gamma","auth","baja","success"
6.03,4.82,148,1,100,4.2,"Gamma","api","media","success"
5.46,10.9,117,0,72.3,7.82,"Beta","payments","baja","success"
12.19,8.48,107,1,72.34,3.65,"Beta","database","media","success"
13.92,7.1,131,2,74.39,8.77,"Alpha","database","baja","success"
2.62,9.28,116,0,94.99,15.07,"Delta","api","alta","success"
5.18,5.35,111,4,64.85,12.44,"Delta","auth","baja","success"
13.23,12.7,119,0,68.69,7.91,"Beta","payments","alta","success"
15.55,9.26,107,4,69,25.12,"Delta","ui","media","success"
10.48,7.28,133,2,83.32,8.02,"Gamma","api","media","success"
16.8,10.83,117,1,63.6,2.81,"Alpha","auth","media","success"
9.54,8.42,119,2,90.83,8.17,"Gamma","payments","alta","rolled_back"
11.33,6.53,110,0,70.76,3.7,"Gamma","payments","media","success"
17.4,4.49,118,1,65.05,17.29,"Beta","api","media","failed"
11.67,7.9,112,5,64.44,10.41,"Beta","payments","baja","failed"
12.1,9.55,105,1,64.67,23.46,"Gamma","ui","media","success"
8.4,8.82,119,4,51.26,7.12,"Delta","auth","crítica","success"
12.27,4.51,114,0,82.81,14.53,"Alpha","api","alta","success"
9.42,9.05,111,1,76.99,11.25,"Beta","auth","alta","failed"
4.8,6.61,133,0,87.39,12.41,"Delta","auth","baja","success"
8.12,8.02,121,2,73.74,15.61,"Alpha","payments","media","success"
11.05,11.12,124,0,68.84,15.9,"Delta","payments","alta","failed"
12.65,8.84,137,2,85.52,17.62,"Delta","payments","media","success"
16.27,9.32,141,0,84.1,7.78,"Gamma","database","media","success"
12.15,5.92,111,2,71.87,5.86,"Alpha","payments","media","failed"
11.49,8.56,120,2,57.04,19.95,"Gamma","auth","media","success"
16.42,4.36,131,3,59.73,11.3,"Gamma","payments","baja","success"
21.66,10.15,128,1,74.75,8.77,"Beta","ui","media","success"
11.66,6.1,119,1,100,24.08,"Alpha","payments","media","rolled_back"
16.71,4.97,123,2,80.23,3.35,"Delta","api","media","success"
13.94,5.85,104,2,55.32,17.71,"Gamma","database","media","success"
11.7,9.63,140,3,69.67,16.36,"Beta","api","media","success"
4.32,8.46,122,1,61.61,9.99,"Beta","database","media","success"
8.13,2.89,135,4,83.72,16.31,"Beta","database","alta","success"
9.77,2.56,118,3,63.86,24.45,"Alpha","api","media","success"
7.56,7.01,126,1,91.65,19.74,"Delta","payments","baja","success"
7.36,5.78,100,5,81.94,8.49,"Alpha","ui","baja","success"
10.35,8.1,121,1,100,1.85,"Delta","ui","media","success"
15.81,6.63,111,1,71.12,16.22,"Delta","database","media","success"
8.32,6.92,118,2,75.22,9.98,"Delta","api","media","success"
12.47,8.72,143,1,87.63,5.33,"Alpha","ui","crítica","success"
11.19,9.64,130,1,82.42,17.78,"Gamma","database","alta","failed"
15.17,6.98,147,3,68.62,14.73,"Delta","payments","alta","failed"
12.15,9.16,111,2,85.37,26.02,"Beta","ui","alta","success"
11.33,3.45,120,4,75.29,8.66,"Gamma","ui","media","success"
9.66,6.15,146,3,73.94,8.18,"Delta","api","alta","failed"
15.57,8.7,121,3,62.57,20.79,"Beta","ui","baja","success"
16.56,7.06,115,3,69.56,7.95,"Gamma","auth","crítica","success"
12.08,9.58,112,2,100,5.6,"Gamma","database","media","success"
25.09,5.12,121,3,67.41,23.62,"Alpha","ui","baja","success"
11.99,9.97,103,0,77.25,5.29,"Gamma","auth","crítica","success"
23.7,9.96,120,0,62.95,15.48,"Alpha","database","baja","success"
11.46,8.45,126,0,69.08,9.51,"Gamma","api","baja","success"
5.72,7.83,134,6,96.99,7.83,"Alpha","api","alta","success"
6.3,10.23,112,0,88.59,22.59,"Alpha","auth","alta","success"
8.51,7.44,133,0,79.38,49.43,"Alpha","auth","baja","success"
17.91,8.72,121,0,77.06,15.5,"Beta","database","baja","success"
18.81,5.18,127,2,61,12.63,"Gamma","ui","baja","success"
13.59,6.28,128,2,83.35,6.11,"Delta","ui","media","success"
13.23,8.97,126,1,97,10.69,"Gamma","api","media","success"
9.85,6.51,127,2,79.48,8.35,"Alpha","api","crítica","success"
9.29,7.19,109,2,73.42,26.28,"Delta","payments","crítica","success"
9.13,10.71,119,2,67.59,15.1,"Delta","ui","media","success"
8.52,8.43,116,0,81.61,12.23,"Delta","ui","baja","success"
9.84,9.26,123,3,79.79,31.29,"Alpha","payments","media","success"
9.51,10.54,120,3,65.73,23.46,"Delta","ui","media","success"
14.11,7.35,116,2,100,13.83,"Delta","ui","alta","success"
15.08,7.21,116,1,68.69,18.94,"Delta","auth","alta","success"
18.41,10.6,112,4,70.41,11.66,"Alpha","payments","media","success"
2.21,3.76,122,6,63.87,11.2,"Gamma","payments","baja","success"
13.98,8.94,116,1,68.66,14.42,"Alpha","database","baja","success"
10.73,8.26,143,2,80.96,24.87,"Alpha","auth","alta","success"
10.93,11.96,107,2,78.18,5.27,"Delta","api","media","success"
5.43,7.55,124,5,57,18.28,"Delta","payments","baja","success"
11.87,8.51,130,2,94.03,5.46,"Beta","auth","media","success"
8.9,4.81,113,2,78.92,5.83,"Delta","ui","media","success"
13.42,7.14,133,0,71.31,2.75,"Delta","database","alta","success"
7.55,5.24,119,0,76.05,9.19,"Delta","auth","alta","success"
25.78,9.49,116,4,88.01,9.88,"Beta","api","alta","failed"
8.87,8.21,100,3,72.15,11.31,"Alpha","auth","media","success"
10.87,7.16,119,0,81.89,16.48,"Beta","database","baja","failed"
7.08,8.65,108,1,82.8,28.18,"Gamma","database","media","success"
10.7,11.41,117,5,85.35,4.32,"Beta","api","alta","failed"
20.54,6.34,125,4,81.86,8.37,"Delta","auth","crítica","success"
10.45,9.31,117,1,81.37,6.69,"Beta","database","alta","success"
14.44,8.08,122,0,91.77,5.21,"Alpha","database","media","success"
8.24,5.35,136,2,83.52,9.73,"Beta","api","media","success"
18.15,3.98,121,1,79.3,16.95,"Delta","database","alta","success"
13.87,11.15,131,2,88.16,7.98,"Delta","auth","media","success"
9.13,11.86,103,3,79.84,10.49,"Gamma","database","alta","success"
12.92,11.07,133,1,69.32,11.98,"Delta","payments","crítica","success"
10.45,5.55,121,0,82.51,7.21,"Gamma","auth","alta","success"
14.03,7.09,118,4,87.03,10.78,"Beta","ui","baja","success"
8.76,12.85,122,1,71.54,22.29,"Beta","api","crítica","success"
13.85,9.88,122,1,82.65,11.3,"Beta","database","crítica","success"
18.33,9.65,128,7,54.6,16.39,"Beta","database","crítica","success"
17.05,12.58,137,3,87.96,3.28,"Gamma","auth","media","success"
13.22,5.18,93,0,84.53,2.31,"Gamma","ui","crítica","success"
13.33,6.8,124,1,80.58,12.97,"Alpha","api","baja","success"
13.69,6.68,132,2,72.32,8.96,"Alpha","database","media","rolled_back"
15.59,6.96,120,0,59.11,13.53,"Gamma","payments","alta","success"
13.54,5.28,117,1,87.63,17.89,"Delta","api","baja","success"
14.42,8.23,120,0,68.71,17.26,"Alpha","payments","media","success"
14.55,7.49,116,2,96.98,15.06,"Delta","database","media","rolled_back"
12.91,5.68,107,0,76.62,13.39,"Beta","payments","crítica","success"
14.88,12.63,108,1,72.98,6.84,"Gamma","payments","alta","success"
12.23,8.15,122,3,78.86,9.11,"Delta","database","baja","success"
16.05,1.99,125,2,54.49,29.59,"Alpha","api","alta","rolled_back"
10.29,7.19,120,1,65.93,8.16,"Gamma","ui","baja","success"
12.78,1.59,108,3,87.38,2.06,"Gamma","api","media","success"
12.13,7.39,119,2,89.36,3.29,"Beta","api","alta","success"
7.7,8.94,98,0,80.82,14.96,"Beta","database","baja","success"
16.8,6.62,118,1,87.05,3.68,"Gamma","ui","alta","success"
7.35,7.92,110,3,80.77,19.85,"Alpha","payments","media","rolled_back"
17.22,8.83,119,2,76.19,2.84,"Beta","auth","media","success"
7.73,7.04,102,0,75.85,12.61,"Alpha","payments","alta","success"
8.07,11.45,142,4,71.23,6.71,"Delta","database","alta","success"
15.44,12.7,116,1,81.18,16.51,"Beta","payments","crítica","success"
11.67,10.03,130,3,80.93,18.52,"Gamma","payments","alta","success"
4.62,10.41,119,4,58.12,16.7,"Delta","ui","media","success"
18.01,13.84,108,4,61.77,17.03,"Delta","api","media","success"
2.05,7.67,129,2,82.28,21.39,"Gamma","auth","media","success"
9.23,8.44,115,3,78.06,19.87,"Delta","database","alta","success"
5.92,4.11,126,5,98.72,18.05,"Gamma","database","media","success"
9.73,7.84,125,3,75.36,8.13,"Gamma","ui","media","rolled_back"
12.35,6.66,120,3,65.88,8.3,"Alpha","auth","alta","success"
10.67,7.65,128,0,89.53,3.45,"Alpha","auth","baja","failed"
9.68,8.31,145,5,97.27,18.85,"Beta","database","alta","success"
11.34,7.67,130,1,100,4.09,"Alpha","auth","baja","success"
13.08,7.29,145,0,88.09,13.18,"Alpha","api","baja","success"
8.58,1.8,137,1,65.43,21.84,"Beta","api","media","success"
3.7,11.04,114,1,66.56,5.54,"Delta","ui","baja","success"
8.3,9.58,100,0,63.64,7.07,"Delta","payments","media","success"
4.38,3.5,122,1,85.26,23.07,"Beta","auth","media","failed"
14.54,8.08,118,1,75.69,1.77,"Delta","database","media","success"
19.48,11.59,124,4,98.07,4.12,"Gamma","ui","media","success"
7.42,12.45,117,2,65.25,4.49,"Delta","database","media","success"
8.46,14.16,119,1,84.12,22.04,"Alpha","payments","media","success"
8.5,6.61,101,1,88.2,13.29,"Alpha","auth","baja","success"
15.15,10.38,109,1,87.81,1.81,"Alpha","ui","media","success"
12.13,11.54,116,4,79.1,10.67,"Alpha","database","alta","success"
13.96,6.08,100,1,58.03,31.84,"Beta","auth","media","success"
15.09,9.46,123,3,66.27,2.35,"Delta","auth","baja","success"
12.99,8.76,107,0,89.53,11.34,"Alpha","auth","media","success"
13.79,11.2,118,1,68.35,20.41,"Beta","api","media","success"
7.35,8.64,127,4,91.32,23.12,"Gamma","database","alta","success"
11.75,7.38,113,1,62,9.03,"Beta","auth","alta","success"
9.54,9.22,119,1,73.94,16.25,"Gamma","ui","media","success"
6.78,5.34,110,4,87.35,5.2,"Delta","payments","media","success"
7.32,9.66,124,4,84.12,6.63,"Gamma","api","baja","success"
15.75,7.09,113,0,80.96,12.79,"Alpha","database","media","success"
6.8,9.14,115,1,72.31,6.67,"Alpha","ui","media","success"
10.38,8.58,125,1,71.27,21.09,"Delta","ui","media","success"
15.93,8.7,132,2,81.45,2.75,"Delta","auth","baja","success"
13.32,6.19,138,1,68.88,16.68,"Alpha","payments","alta","success"
14.61,7.73,126,1,83.02,20.85,"Alpha","payments","baja","success"
13.33,6.91,108,1,63.56,13.46,"Alpha","ui","alta","success"
11.4,9.5,125,0,87.91,10.9,"Alpha","ui","baja","success"
3.2,13.04,130,2,85.04,1.83,"Gamma","database","baja","success"
9.56,9.41,109,2,82.41,23.33,"Beta","payments","media","success"
6.49,4.96,98,0,71.21,8.14,"Beta","payments","alta","success"
10.49,5.08,136,1,93.53,18.88,"Delta","database","alta","success"
20.22,8.06,95,0,92.72,18.77,"Gamma","ui","alta","success"
12.55,10.5,139,1,85.93,10.29,"Gamma","auth","media","success"
9.12,11.54,108,3,77.99,15.34,"Gamma","database","media","success"
15.55,5.23,125,1,100,18.62,"Gamma","api","media","success"
13.97,8.26,121,4,71.09,17.88,"Alpha","api","alta","success"
11.68,8.33,148,0,73.21,2.24,"Beta","api","baja","success"
11.09,7.72,110,0,54.58,15.06,"Delta","payments","alta","success"
11.42,4.9,128,2,88.06,6.38,"Delta","payments","baja","rolled_back"
11.71,9.56,120,1,82.35,8.05,"Beta","database","media","success"
14.48,3.22,103,1,73.76,4.67,"Beta","database","media","success"
12.51,9.72,108,3,82.46,10.12,"Gamma","ui","baja","success"
9.49,4.05,116,3,85.73,9.78,"Gamma","api","baja","success"
15.34,7.16,114,3,82.74,20.18,"Beta","database","alta","failed"
9.21,7.63,120,3,70.64,10,"Beta","ui","crítica","success"
17.24,6.32,138,0,70.86,7.23,"Beta","auth","baja","success"
8.08,6.58,117,4,81.21,14.16,"Delta","api","baja","success"
14.99,9.18,116,3,59.99,3.74,"Alpha","payments","crítica","success"
17.03,11.25,124,4,63.37,10.95,"Delta","api","crítica","success"
16.89,8.09,124,5,83.7,14.97,"Beta","auth","media","success"
11.55,6.51,124,1,65.86,8.73,"Alpha","ui","media","rolled_back"
14.77,6.34,107,1,71.62,13.07,"Gamma","database","media","failed"
3.45,9.79,134,2,97.25,12.11,"Delta","database","crítica","success"
13.78,6.84,121,1,80.53,13.61,"Alpha","auth","baja","success"
11.56,4.13,102,4,84.01,6.85,"Delta","database","baja","success"
14.4,8.11,117,2,100,6.38,"Alpha","payments","baja","success"
12.44,10.28,116,2,79.97,26.82,"Gamma","payments","baja","success"
17.18,9.15,118,4,69.07,13.87,"Beta","payments","alta","success"
11.32,12.27,110,1,87.11,8.56,"Beta","ui","crítica","success"
14.93,14.17,121,3,66.98,10.17,"Beta","auth","crítica","success"
11.58,9.56,111,3,72.04,8.57,"Delta","payments","baja","success"
14.62,7.55,126,1,77.27,6.27,"Gamma","payments","baja","success"
7.07,11.17,108,1,77.46,2.3,"Beta","ui","alta","success"
14.43,9.87,122,1,86.37,9.12,"Alpha","api","crítica","success"
10.44,13.3,106,2,67.45,1.45,"Gamma","api","alta","success"
13.58,8.87,121,1,81.52,7.71,"Gamma","database","media","success"
8.5,7.59,113,0,100,23.5,"Gamma","auth","baja","success"
14.17,10.11,127,1,66.3,14.28,"Alpha","database","baja","success"
23.97,8.55,125,2,86.21,16.19,"Gamma","api","baja","success"
18.16,9.01,127,2,70.18,6.35,"Beta","auth","crítica","failed"
15.92,11.36,115,6,87.13,7.89,"Gamma","api","baja","success"
9.52,4.82,120,2,96.84,20.5,"Alpha","api","baja","success"
13.3,6.51,122,2,70.09,8.05,"Beta","database","crítica","failed"
11.37,6.21,121,1,64.31,5.46,"Beta","auth","baja","success"
4.06,5.71,120,2,71.69,12.28,"Gamma","ui","media","success"
11.04,8.14,115,1,78.1,1.89,"Alpha","api","media","success"
10.73,6.81,122,1,86.5,13.38,"Delta","auth","alta","success"
11.64,9.71,108,1,68.97,8.67,"Gamma","database","baja","success"
9.87,11.22,130,3,76.93,35.36,"Gamma","ui","alta","success"
14.61,6.29,130,1,88.52,9.04,"Beta","auth","media","success"
19.67,9.03,121,1,68.71,9.21,"Beta","ui","media","success"
16.62,8.79,120,1,69.87,8.01,"Delta","api","media","failed"
14.64,5.67,104,2,78.4,11.19,"Gamma","database","media","success"
12.22,8.64,116,1,62.41,13.18,"Delta","payments","media","success"
12.3,6.04,117,1,85.81,14,"Beta","payments","media","success"
16.63,5.34,128,3,80.63,13.94,"Gamma","database","alta","success"
17.13,3.42,125,3,74.71,6.74,"Gamma","ui","alta","success"
9.63,12.28,113,2,88.55,10.78,"Gamma","ui","baja","success"
15.8,7.68,126,4,96.09,12.57,"Beta","auth","media","rolled_back"
7.27,7.17,119,6,59.41,3.41,"Delta","payments","media","success"
7.23,11.58,128,1,76.08,12.6,"Gamma","api","media","success"
18.38,13.33,110,1,74.73,14.32,"Gamma","auth","media","success"
12.15,6.19,130,4,88.06,9.77,"Alpha","ui","media","success"
12.14,4.96,120,1,88.1,12.92,"Delta","auth","media","success"
15.92,7.8,100,2,78.1,6.77,"Delta","ui","baja","success"
11.21,4.37,91,1,70.53,8.56,"Alpha","auth","crítica","success"
8.61,6.45,120,1,67.05,18.97,"Gamma","api","alta","success"
12.55,7.74,114,2,100,19.56,"Alpha","ui","media","failed"
5.17,6.69,118,4,78.06,12.58,"Beta","payments","media","failed"
10.11,12.21,123,2,78.32,7.95,"Delta","auth","media","success"
11.37,8.58,116,3,54.4,7.89,"Alpha","api","baja","success"
6.23,8.31,105,1,75.17,6.36,"Delta","payments","media","failed"
12.74,12.18,124,2,94.75,18.59,"Gamma","api","media","failed"
9.07,11.78,126,0,75.73,6.38,"Gamma","payments","baja","success"
16.46,7.21,116,1,70.5,24.01,"Beta","auth","alta","rolled_back"
10.88,8.03,118,4,75.31,0.68,"Gamma","ui","media","success"
7.64,5.6,126,3,85.5,16.06,"Gamma","api","media","success"
12.96,6.28,144,9,63.4,12.1,"Delta","ui","alta","success"
11.79,4.38,123,1,51.58,11.47,"Beta","api","crítica","success"
12.16,9.63,127,2,78.24,10.25,"Beta","api","baja","success"
12.86,7.43,109,2,81.44,10.18,"Alpha","database","alta","rolled_back"
10.42,9.41,121,2,74.46,7.4,"Beta","api","media","success"
10.69,7.47,120,0,86.85,17.34,"Beta","api","alta","success"
14.59,4.34,109,2,85.5,9.54,"Delta","payments","crítica","success"
18.51,5.35,130,3,72.61,6.56,"Gamma","auth","baja","failed"
4.3,9.87,118,2,81.75,34.08,"Gamma","api","media","success"
11.46,6.09,113,5,85.03,10.15,"Delta","api","media","success"
15.92,4.44,115,3,76.83,10.38,"Alpha","database","crítica","success"
7.28,3.95,115,2,81.09,11.56,"Alpha","payments","alta","success"
16.67,6.51,114,1,89.3,15.55,"Beta","payments","crítica","success"
10.48,8.86,119,4,90.16,9.27,"Delta","payments","alta","success"
14.83,7.13,124,0,85.7,7.44,"Beta","payments","alta","success"
17.9,6.67,116,0,86.6,12.96,"Delta","database","baja","success"
15.59,7.83,138,3,94.85,25.61,"Gamma","database","baja","success"
16.86,8.2,106,0,90.93,11.29,"Beta","auth","media","success"
3.17,10.35,116,2,67,15.52,"Gamma","auth","media","success"
6.91,8.16,135,4,64.14,32.59,"Gamma","api","media","success"
14.33,7.67,117,2,79.96,4.96,"Alpha","database","alta","success"
8.36,7.08,123,1,78.66,1.97,"Beta","auth","media","success"
9.79,5.48,116,0,79.43,22.11,"Beta","ui","baja","success"
17.54,7.69,95,0,78.4,8.51,"Beta","database","alta","success"
12.47,4.62,121,2,62.89,22.14,"Alpha","ui","crítica","success"
12.18,11.66,100,3,100,8.18,"Gamma","api","baja","success"
11.02,8.51,121,2,95.86,20.25,"Delta","database","media","success"
5.61,3.2,117,1,100,8.24,"Alpha","api","baja","success"
4.48,4.82,124,2,92.24,3.82,"Gamma","payments","baja","success"
11.13,9.76,139,0,81.28,4.42,"Beta","auth","media","success"
13.42,2.29,113,2,72.46,10.38,"Gamma","ui","media","success"
6.72,9.71,111,2,68.36,6.88,"Gamma","api","media","success"
4.77,8.76,133,1,75.5,21.37,"Alpha","api","crítica","failed"
17.1,6.21,140,1,68.31,35.05,"Delta","database","media","failed"
14.03,6.55,118,3,80.87,17.75,"Delta","ui","media","success"
13.93,4.75,119,1,82.8,20.68,"Delta","payments","crítica","success"
15.67,5.04,101,2,51.33,14.5,"Gamma","database","baja","success"
14.22,7.06,119,3,74.28,27.94,"Delta","api","baja","success"
7.78,4.33,116,2,92.06,2.97,"Gamma","api","media","rolled_back"
17,7.26,125,0,92.39,15.42,"Delta","auth","alta","failed"
6.89,6.59,121,1,73.84,3.05,"Alpha","auth","media","success"
10.09,8.38,120,0,83.99,12.07,"Alpha","auth","baja","success"
13.33,9.26,108,4,80.88,4.52,"Delta","auth","media","success"
13.12,8.65,114,2,89.15,11.1,"Delta","database","alta","success"
14.36,9.54,112,1,97.57,8.54,"Beta","api","media","success"
15.51,8.4,128,2,78.53,17.42,"Delta","payments","media","success"
8.76,6.4,110,2,97.15,9.75,"Alpha","database","media","success"
6.85,7.42,136,1,90.36,6.13,"Beta","auth","baja","success"
7.33,11.4,123,3,76.69,21.5,"Gamma","payments","alta","success"
14.3,11.99,125,2,89.36,7.98,"Beta","ui","baja","rolled_back"
10.15,9.14,116,3,58.95,13.81,"Alpha","payments","crítica","success"
13.65,5.39,118,3,95.83,19.7,"Gamma","api","media","success"
16.73,8.82,95,3,78.05,9.5,"Delta","auth","baja","success"
9.31,11.05,136,6,71.09,3.84,"Alpha","auth","media","success"
15.7,5.25,102,1,85.36,10.94,"Alpha","api","crítica","success"
9.42,10.79,125,2,79.96,20.09,"Alpha","database","crítica","failed"
14.47,4.16,137,1,80.3,0.53,"Delta","ui","media","failed"
12.14,7.49,122,3,68.31,5.03,"Alpha","api","media","success"
8.6,11.35,125,3,74.84,14.01,"Delta","api","alta","success"
15.79,8.09,124,1,86.03,13.47,"Beta","payments","alta","success"
14.89,9.7,111,2,93.41,15.97,"Gamma","ui","media","failed"
8.53,7.71,112,4,61.3,21.74,"Alpha","ui","media","success"
12.15,6.03,129,3,85.03,9.7,"Alpha","payments","baja","success"
22.09,11.29,127,2,58.87,6.03,"Gamma","auth","baja","success"
8.99,8.88,115,0,84.49,31.41,"Beta","ui","baja","success"
11.33,6.78,137,4,88.54,7.52,"Alpha","database","baja","success"
17.61,4.85,115,2,78.11,24.46,"Gamma","api","baja","success"
7.55,8.78,112,3,78.21,6.78,"Gamma","ui","media","success"
21.52,7.01,108,2,79.1,22.01,"Beta","database","media","success"
9.33,9.81,120,1,74.19,11.64,"Alpha","payments","baja","success"
9.91,10.5,106,2,91.27,10.97,"Delta","payments","baja","success"
11.85,12.63,136,3,64.1,7.46,"Alpha","api","alta","success"
16.3,8.02,126,1,84.2,9.32,"Beta","ui","alta","success"
24.94,8.4,109,3,77.7,7.83,"Alpha","database","baja","success"
13.93,7.01,129,0,63.9,5.86,"Beta","ui","alta","success"
14.48,6.23,103,1,100,7,"Beta","database","media","success"
6.51,2.09,122,3,68.17,6.87,"Alpha","auth","media","success"
12.56,4.99,142,0,62.44,17.28,"Delta","auth","alta","success"
2.56,9.59,116,0,69.55,13.02,"Beta","auth","media","success"
10.97,12.12,108,5,80.58,8.58,"Beta","payments","media","success"
17.85,4.53,123,1,64.32,21.75,"Beta","ui","media","success"
11.21,9.87,101,3,83.13,13.84,"Delta","database","media","success"
11.77,6.92,106,1,71.96,13.4,"Beta","database","media","success"
12.16,9.98,137,1,67.34,9.3,"Gamma","auth","media","success"
11.51,12.36,117,2,83.04,9.09,"Gamma","ui","media","success"
12.4,5.6,125,2,68.05,7.85,"Beta","payments","crítica","success"
5.96,2.8,114,2,70.39,4.82,"Gamma","payments","alta","success"
10.08,7.26,114,5,67.48,16.45,"Gamma","payments","baja","success"
10.63,9.73,107,2,80.29,9.7,"Alpha","auth","media","success"
14.28,10.38,130,2,100,7.96,"Delta","auth","crítica","success"
12.83,9.22,126,3,82.93,6.22,"Beta","api","crítica","success"
8.97,7.67,100,0,100,10.13,"Delta","payments","alta","failed"
15.4,15.67,131,2,75.4,36.29,"Alpha","auth","alta","failed"
16.91,10.4,134,2,94.65,11.57,"Beta","auth","alta","success"
6.88,7.04,124,3,67.13,4.81,"Delta","ui","alta","success"
12.74,8.44,124,2,58.61,8.34,"Beta","auth","media","success"
9,10.01,110,0,78.47,7.04,"Delta","api","media","success"
9.57,9.14,104,0,86.05,13.65,"Delta","auth","media","success"
13.68,7.94,118,2,71.01,4.81,"Beta","database","baja","success"
15.37,8.48,138,0,68.22,6.59,"Alpha","api","crítica","success"
13.52,9.2,141,2,77.61,20.23,"Gamma","auth","media","failed"
9.86,6.52,123,4,68.11,8.14,"Gamma","payments","media","success"
16.52,7.37,115,3,71.07,4.79,"Delta","database","media","success"
16.13,9.99,119,0,83.55,1.5,"Alpha","payments","alta","failed"
8.04,6.95,134,1,66.04,8.84,"Beta","payments","baja","success"
13.25,9.58,119,3,92.11,4.07,"Beta","ui","baja","success"
7.36,5.22,126,4,92.42,17.13,"Delta","payments","media","rolled_back"
17.87,10.27,112,1,58.02,5.27,"Alpha","auth","baja","rolled_back"
13.08,11.17,122,2,76.7,14.43,"Delta","api","alta","success"
16.27,6.86,112,0,73.05,9.86,"Beta","database","media","success"
13.55,4.04,114,1,100,2.89,"Delta","ui","alta","success"
11.57,8.76,134,1,87.15,13.34,"Gamma","api","alta","success"
15,8.61,119,1,77.59,8.72,"Gamma","payments","media","success"
7.59,4.11,104,5,69.63,3.76,"Delta","auth","media","success"
6.27,9.49,118,3,74.22,19.8,"Beta","ui","baja","success"
9.48,2.92,135,2,75.99,4.91,"Gamma","ui","baja","success"
13.05,6.08,106,0,90,17.93,"Delta","auth","baja","failed"
10.35,12.12,117,0,77.27,21.23,"Gamma","payments","alta","failed"
10.14,9.95,129,1,75.59,12.09,"Gamma","database","media","success"
15.68,8.27,141,1,99.78,3.13,"Gamma","database","alta","success"
9.99,0.9,96,0,77.27,7.78,"Beta","ui","baja","success"
15.9,8.21,122,2,50.93,22.33,"Alpha","database","baja","success"
8.91,5.33,134,4,78.45,16.58,"Delta","api","alta","success"
10.97,8.1,128,2,100,10.53,"Delta","ui","media","success"
8.69,8.32,129,3,84.89,4,"Delta","ui","media","success"
10.3,9.14,126,1,81.67,11.38,"Alpha","database","media","success"
7.35,7.24,122,0,92.08,7.77,"Beta","auth","media","success"
13.79,7.62,118,4,71.9,15.79,"Delta","ui","baja","failed"
16.73,6.78,106,1,82.17,18,"Alpha","payments","media","success"
13.13,8.31,121,6,70.15,9.94,"Beta","payments","media","success"
18.85,6.37,147,3,84.61,16.87,"Beta","api","media","success"
5.44,9.51,124,4,85.81,4.58,"Delta","auth","media","success"
8.99,5.61,113,3,99.29,19.43,"Gamma","database","alta","success"
14.1,4.73,138,3,77.44,1.41,"Delta","database","baja","success"
14.53,7.78,133,4,71.37,30.33,"Alpha","database","media","success"
13.31,6.86,115,0,97.7,52.95,"Gamma","api","alta","success"
18.98,9.12,115,2,84.44,19.17,"Delta","ui","baja","failed"
18.7,4.18,105,4,68.96,2.9,"Gamma","auth","crítica","success"
6.16,8.65,101,3,88.33,24.27,"Alpha","ui","alta","success"
10.33,10.45,109,4,63.46,8.7,"Gamma","database","media","success"
6.26,5.77,119,2,64.01,8.3,"Delta","database","baja","success"
7.88,9.94,126,0,62.09,1.8,"Alpha","ui","alta","success"
12.99,10.07,119,2,57.44,3.49,"Delta","ui","alta","success"
13.41,9.48,113,3,78.6,4.78,"Gamma","payments","crítica","failed"
8.88,5.25,114,1,63.36,10.46,"Alpha","payments","crítica","success"
13.21,7.22,109,1,83.67,2.3,"Alpha","auth","alta","success"
9.09,8.81,124,1,93.69,8.7,"Delta","ui","crítica","rolled_back"
13,4.4,122,2,71.17,7.91,"Delta","database","media","success"
12.45,5.88,94,2,64.03,3.56,"Gamma","api","media","success"
10.86,9.21,138,4,82.92,20.04,"Delta","auth","crítica","success"
8.16,10.68,106,5,68.53,5.07,"Delta","api","baja","success"
10.14,8.82,141,1,94.68,27.74,"Alpha","api","crítica","failed"
13.96,6.76,124,2,61.66,16.82,"Beta","api","media","success"
10.02,6.41,99,1,81.37,4.28,"Beta","database","baja","success"
10.7,12.81,101,3,82.89,19.17,"Gamma","database","media","success"
7.72,7.15,139,2,70.28,8.21,"Beta","payments","media","success"
10.26,9.73,141,2,73.02,11.59,"Beta","api","alta","success"
11.9,5.18,128,1,87.36,14.62,"Delta","api","alta","success"
9.08,5.49,109,0,67.34,10.29,"Alpha","database","baja","success"
10.47,7,136,2,68.64,3.59,"Delta","database","media","failed"
7.6,8.9,118,0,71.73,5.49,"Beta","auth","media","success"
15,10.16,110,1,61.7,5.34,"Alpha","api","baja","success"
20.84,8.02,121,3,75.72,28.02,"Alpha","api","baja","success"
10.3,9.18,134,1,81.55,4.89,"Gamma","ui","crítica","success"
13.87,7.75,111,4,69.54,6.15,"Gamma","payments","baja","success"
18.33,8.86,120,5,64.65,7.42,"Beta","payments","crítica","success"
10.46,4.4,141,0,83.09,22.87,"Beta","payments","baja","success"
10.44,8.14,115,2,74.38,2.19,"Alpha","payments","baja","success"
14.59,7.48,122,3,77.34,14.82,"Delta","api","baja","success"
8.19,7.54,109,0,79.02,13.01,"Alpha","ui","media","success"
11.31,6.45,132,4,76.12,21.25,"Delta","auth","alta","success"
9.79,12.32,105,3,80.99,1.17,"Alpha","auth","media","success"
8.13,5.9,119,0,57.1,7.05,"Gamma","database","alta","failed"
13.68,7.3,139,2,55.63,5.94,"Alpha","auth","crítica","success"
11.44,5.91,113,1,70.73,12.6,"Alpha","ui","media","failed"
20.68,7.31,115,4,69.78,9.18,"Gamma","database","alta","success"
0.63,9.18,121,5,75.36,7.62,"Delta","database","media","success"
14.58,2.44,110,3,86.91,19.18,"Gamma","database","alta","success"
8.71,7.54,113,3,74.5,3.2,"Beta","payments","baja","success"
10.86,7.26,132,2,75.42,14.71,"Delta","auth","media","success"
7.64,5.14,123,1,88.92,14.13,"Beta","ui","crítica","success"
14.31,7.59,111,1,85.74,21.46,"Alpha","api","alta","failed"
17.42,8.67,126,1,80.29,13.33,"Beta","payments","baja","success"
13.96,8.64,117,0,75.68,23.11,"Beta","api","media","success"
8.35,6.74,116,1,90.66,23.91,"Delta","payments","media","success"
18.46,13.78,125,3,76.55,24.09,"Alpha","api","crítica","success"
11.35,7.18,127,1,100,8.99,"Beta","payments","baja","success"
12.71,4,113,1,95.66,4.06,"Delta","ui","baja","success"
11.8,6.62,110,3,75.25,8.58,"Beta","auth","baja","success"
11.14,10.4,129,1,71.3,11.46,"Beta","auth","baja","success"
12.32,6.12,114,1,91.5,13.16,"Gamma","auth","media","failed"
7.88,7.83,104,3,74.17,10.55,"Beta","ui","baja","success"
16.61,7,115,1,58.26,18.82,"Delta","database","alta","success"
14.59,6.29,119,0,69.91,18.8,"Gamma","auth","media","rolled_back"
12.32,11.3,133,3,100,12.25,"Gamma","ui","media","success"
15.78,3.37,103,5,95.14,2.88,"Gamma","payments","baja","success"
7.11,7.95,118,1,67.94,4.78,"Beta","ui","crítica","success"
16.34,7.57,131,2,71.83,3.35,"Delta","ui","media","success"
12.85,11.58,110,1,77.44,16.09,"Beta","auth","crítica","success"
14.01,7.85,113,2,87.67,0.78,"Gamma","payments","media","success"
10.18,10.59,125,4,77.3,8.84,"Gamma","ui","crítica","success"
8.87,8.59,119,1,86.2,15.01,"Beta","database","alta","success"
9.82,5.91,130,2,76.83,11.83,"Alpha","ui","media","success"
16.15,8.95,120,3,84.14,25.55,"Alpha","database","baja","failed"
16.36,5.24,100,1,84.98,28.6,"Alpha","auth","alta","success"
18.22,5.03,110,2,84.42,4.77,"Beta","payments","media","success"
11.75,11.03,103,3,85.92,9.32,"Delta","api","baja","success"
8.98,8.53,137,1,76.31,33.94,"Delta","payments","media","success"
17.89,4.04,126,3,59.55,35.72,"Gamma","payments","alta","success"
5.79,6.47,119,2,87.16,14.93,"Beta","payments","baja","success"
11.36,9.52,110,0,84.32,2.05,"Gamma","database","baja","success"
14.41,8.7,128,2,66.68,23.93,"Delta","payments","baja","success"
7.35,6.89,126,4,80.02,14.52,"Alpha","ui","media","rolled_back"
5.76,5.63,125,2,78.38,13.87,"Beta","payments","baja","success"
13.96,7.33,105,1,78.37,18.81,"Delta","auth","media","rolled_back"
18.48,10.27,142,1,80.41,13.56,"Alpha","auth","media","success"
9.14,6.58,133,2,82.67,4.43,"Gamma","api","alta","success"
9.25,10.4,122,5,69.26,11.43,"Alpha","database","baja","success"
8.23,9.63,121,2,90.39,16.57,"Gamma","auth","media","success"
17.94,7.35,104,0,74.1,18.6,"Alpha","database","alta","success"
9.17,3.45,123,5,79.61,7.39,"Alpha","payments","media","success"
8.65,5.94,129,2,66.09,15.29,"Beta","auth","media","success"
8.78,9.63,139,3,62.67,16.26,"Beta","payments","alta","success"
9.65,12.54,133,1,80.46,6.25,"Beta","api","media","success"
9.61,10.08,123,4,63.51,9.29,"Alpha","database","media","success"
14.43,5.53,106,3,64.06,30.46,"Gamma","database","media","success"
13.21,8.59,125,2,61.5,6.65,"Beta","ui","baja","failed"
13.9,7.02,107,2,77.13,2.15,"Beta","auth","media","success"
9.48,6.59,126,2,77.89,10.62,"Gamma","database","baja","success"
14.9,5.26,118,1,79.75,21.57,"Delta","database","media","success"
0.5,6.08,127,0,76.21,6.64,"Beta","payments","media","success"
16.51,10.1,130,2,53.08,12.31,"Alpha","api","crítica","rolled_back"
12.8,12.7,113,6,78.61,9,"Alpha","auth","media","success"
10.38,9.61,128,1,93.95,11.1,"Alpha","api","media","failed"
13.9,5.06,98,2,86.3,22.45,"Beta","payments","alta","success"
7.11,6.23,128,3,69.98,1.76,"Alpha","payments","baja","success"
9.47,13.27,112,5,70.13,7.47,"Delta","api","alta","failed"
12.44,6.84,131,0,91.05,11.23,"Gamma","payments","media","success"
5.75,6.03,113,2,62.72,29.9,"Beta","api","alta","success"
11.84,6.85,111,3,99.04,24.72,"Alpha","api","media","failed"
11.85,13.98,133,1,62.72,24.45,"Beta","payments","crítica","success"
10.88,8.89,136,0,71.97,24.35,"Delta","ui","baja","success"
6.83,7.28,123,3,63.4,3.72,"Gamma","api","media","success"
16.67,10.72,130,2,59.14,9.15,"Delta","auth","media","success"
6.06,4.51,131,3,75.71,7.78,"Alpha","database","baja","success"
6.09,7.71,109,0,80.91,10.63,"Alpha","auth","media","success"
9.67,9.75,135,1,65.87,12.61,"Beta","auth","crítica","success"
18.2,5.2,114,3,100,10.59,"Delta","api","alta","success"
12.43,6.79,114,1,100,21.93,"Delta","database","media","rolled_back"
13.04,9.06,131,3,72.18,33.51,"Gamma","payments","media","success"
11.14,4.52,124,4,82.06,13.4,"Delta","database","media","success"
13.08,2.94,138,0,89.97,29.56,"Gamma","ui","baja","success"
14.53,7.27,117,1,63.41,12.55,"Beta","auth","baja","success"
14.83,13.09,110,3,87.26,5.83,"Beta","ui","media","failed"
17.48,6.01,99,1,67.98,8.45,"Delta","ui","baja","success"
8.89,4.54,129,1,58.37,6.62,"Delta","api","media","success"
11.37,7.69,113,0,82.31,5.55,"Gamma","database","alta","success"
13.65,11.08,136,0,89.2,7.45,"Gamma","database","alta","success"
15.3,5.65,121,3,97.59,13.21,"Alpha","auth","alta","success"
10.67,9.54,136,2,89.01,9.64,"Alpha","auth","media","success"
14.6,7.29,115,2,99.36,7.19,"Gamma","ui","alta","success"
9.81,3.08,129,3,43.28,3.89,"Gamma","database","media","success"
10.63,7.85,103,1,96.4,4.73,"Delta","payments","media","success"
16.05,8.86,135,2,91.94,7.98,"Delta","database","alta","success"
4.47,7.45,111,1,72.79,18.92,"Beta","auth","media","rolled_back"
12.89,8.32,112,1,87.9,10.55,"Alpha","api","media","success"
15.7,5.83,130,2,75.94,0.19,"Gamma","api","alta","success"
10.62,6.26,125,2,77.5,11.8,"Beta","api","alta","success"
14.5,7.66,146,1,87.01,8.72,"Gamma","auth","alta","success"
9.17,11.31,114,2,71.52,44.48,"Gamma","database","media","failed"
12.68,4.63,148,1,85.47,12.29,"Alpha","api","baja","failed"
12.04,6.03,118,3,64.37,7.46,"Beta","ui","baja","success"
11.89,7.89,127,5,89.98,6.97,"Beta","auth","baja","success"
6.9,4.91,107,1,99.08,20.78,"Beta","api","media","success"
11.35,4.65,107,2,78.91,27.03,"Delta","auth","baja","success"
8.74,7.28,115,1,78.87,5.81,"Beta","database","baja","rolled_back"
10.56,6.76,110,3,69.39,17.82,"Alpha","auth","baja","success"
16.1,9.39,117,5,92.52,13.6,"Gamma","api","media","success"
9.73,7.03,135,3,65.21,24.59,"Beta","database","crítica","success"
11.87,4.31,125,2,77.36,19.6,"Delta","api","baja","failed"
12.41,14.14,108,1,75.81,3.54,"Beta","payments","baja","failed"
11.24,6.78,111,1,88.84,22.49,"Delta","payments","baja","success"
15.22,13.98,135,1,73.84,4.39,"Alpha","api","media","success"
11.83,5.66,119,3,78.83,8.85,"Gamma","ui","alta","success"
12.62,9.35,128,2,64.06,7.05,"Alpha","database","media","success"
8.44,6.38,121,0,76.23,5.55,"Alpha","ui","alta","failed"
10.47,10.67,116,2,69.71,5.09,"Alpha","database","baja","success"
9.41,6.44,121,2,73.07,10.72,"Delta","api","media","failed"
13.9,7.96,123,1,75.22,12.2,"Delta","database","alta","success"
16.61,9.35,121,1,88.27,2.84,"Gamma","api","alta","success"
10.16,7.16,134,4,84.71,12.37,"Beta","database","alta","success"
3.14,6.21,112,1,74.7,8.99,"Alpha","ui","alta","success"
8.62,7.49,105,1,62.28,12.24,"Gamma","auth","alta","success"
8.26,3.35,122,1,78.16,10.54,"Gamma","ui","baja","success"
16.72,7.49,112,1,86.67,23.29,"Delta","database","alta","success"
12.57,6.7,137,5,82.02,24.76,"Beta","ui","baja","success"
18.26,8.05,110,4,90.63,4.66,"Gamma","api","media","success"
13.6,3.96,126,4,80.22,10.52,"Beta","ui","media","success"
5.81,9.55,116,3,73.29,5.6,"Gamma","auth","baja","success"
13.98,7.84,131,0,80.85,21.6,"Beta","ui","crítica","failed"
9.01,5.31,133,1,61.43,8.72,"Gamma","database","baja","success"
12,11.19,131,2,59.38,24.93,"Delta","payments","media","success"
11.59,7.65,105,3,83.34,17.03,"Delta","database","alta","success"
11.42,3.7,98,3,90.62,4.19,"Delta","ui","media","success"
10.67,11.87,112,4,66.79,11.9,"Delta","database","media","rolled_back"
19.68,6.55,116,2,87.21,10.61,"Delta","payments","alta","success"
18.04,8.48,129,0,81.16,11.85,"Alpha","auth","media","success"
8.44,12.05,130,0,75.42,6.23,"Alpha","payments","alta","success"
12.79,9.63,108,2,99.69,5.22,"Beta","database","media","success"
16.61,8.15,111,6,82.28,16.5,"Gamma","api","media","success"
16.41,8.66,120,1,60.16,9.12,"Delta","database","media","success"
8.42,6.7,115,1,89.95,3.86,"Beta","api","baja","success"
17.64,10.24,126,2,79.59,7.77,"Delta","ui","media","success"
9.18,8.52,127,1,95.56,17.99,"Alpha","auth","baja","success"
12.51,6.43,122,3,79.86,7.12,"Delta","api","baja","success"
12.68,6.66,128,0,66.26,15.94,"Gamma","payments","media","success"
4.32,9.33,146,4,70.34,10.85,"Delta","payments","alta","success"
11.47,5.63,124,0,96.35,14.2,"Delta","ui","media","success"
3.6,9.79,115,3,78.49,18.71,"Gamma","ui","baja","failed"
4.13,10.09,123,4,68.29,1.49,"Alpha","payments","media","success"
13.28,5.57,116,2,98.91,2.83,"Beta","database","media","success"
13.36,11.01,123,2,70.67,7.32,"Beta","ui","crítica","success"
15.9,7.12,112,2,77.34,14.93,"Beta","payments","media","success"
13.52,11.65,99,1,78.89,13.6,"Delta","database","baja","success"
9.3,9.07,123,4,79.1,21.73,"Beta","database","media","success"
8.8,4.3,99,1,74.95,8.64,"Gamma","payments","baja","failed"
15.22,9.79,128,1,81.25,4.26,"Alpha","auth","media","success"
17.8,5.98,110,2,86.18,12.03,"Alpha","payments","alta","success"
15.2,6.86,126,0,66.72,8.69,"Beta","payments","media","success"
12.87,8.95,118,0,78.62,16.8,"Alpha","api","alta","success"
11.72,10.61,108,0,89.09,8.24,"Gamma","payments","alta","success"
18.51,6.81,97,3,80.98,5.95,"Beta","payments","media","success"
2.03,8.32,121,2,72.48,5.39,"Gamma","ui","crítica","success"
15.97,4.11,134,2,69.03,22.83,"Gamma","ui","crítica","success"
11.33,2.71,126,1,98.23,22.99,"Alpha","ui","media","success"
7.49,3.3,113,5,83.13,10.1,"Gamma","payments","alta","success"
15.35,5.99,132,0,75.38,7.09,"Delta","database","media","success"
8.08,10.56,103,3,64.18,25.63,"Alpha","ui","alta","success"
13.38,5.66,120,1,64.87,5.99,"Alpha","auth","baja","success"
12.74,5.57,132,2,90.48,21.26,"Beta","api","media","success"
12.56,7.27,121,2,89.44,19.35,"Gamma","api","alta","success"
4.59,5.26,114,2,64.51,4.04,"Beta","payments","alta","success"
12.65,9.48,113,0,80.36,4.89,"Delta","database","media","success"
10.03,8.5,108,2,82.59,19.52,"Gamma","auth","media","success"
9.18,9.73,113,3,93.96,5.25,"Delta","auth","alta","success"
7.27,5.67,113,2,76.25,15.81,"Alpha","auth","media","success"
7.45,7.77,119,2,82.73,18.98,"Beta","api","media","success"
8.62,8.02,115,3,94.26,3.37,"Delta","payments","baja","success"
16.99,9.03,144,0,73.94,20.25,"Beta","database","crítica","success"
14.78,8.3,130,1,87.82,35.17,"Beta","api","crítica","success"
13.1,6.17,121,2,100,2.97,"Alpha","ui","alta","success"
18.87,9.83,123,3,77.06,4.78,"Gamma","database","media","success"
18.45,8.91,120,1,79.15,25.67,"Gamma","payments","media","success"
15.61,7.7,122,0,68.38,30.71,"Gamma","database","media","failed"
7.27,6.93,133,2,76.91,6.75,"Alpha","ui","alta","success"
17.73,9.96,101,2,77.8,7.04,"Delta","ui","media","rolled_back"
11.19,12.37,142,0,77.94,3.53,"Alpha","payments","alta","success"
11.03,11.67,121,2,68.64,17.17,"Beta","payments","baja","success"
12.95,6.84,102,2,67.85,9.7,"Delta","payments","media","failed"
12.25,7.73,120,6,94.31,11.87,"Alpha","api","media","success"
10.02,6.82,124,2,55.68,10.38,"Gamma","auth","media","success"
14.74,8.44,104,2,75.2,11.68,"Alpha","auth","media","success"
10.07,7.17,119,1,68.35,7.93,"Delta","payments","media","success"
9.74,12.17,143,2,50.53,12.23,"Beta","payments","alta","failed"
10.98,7.13,107,0,84.48,17.16,"Alpha","ui","media","success"
8.96,6.89,131,0,84.71,9.06,"Beta","payments","alta","success"
12.61,7.71,145,1,87.87,4.87,"Alpha","payments","baja","success"
11.61,7.53,119,1,88.78,17.93,"Beta","api","media","failed"
10.82,9.71,123,3,88.85,7.14,"Beta","database","baja","success"
13.86,9.34,132,3,89.08,13.27,"Alpha","auth","alta","success"
4.7,4.05,117,1,90.87,5.95,"Delta","api","alta","success"
13.01,6.35,135,2,74.35,10.75,"Alpha","auth","media","rolled_back"
15.6,6.92,103,5,63.24,9.24,"Beta","auth","media","success"
15.52,10.36,118,2,90.32,20.15,"Alpha","payments","baja","failed"
20.93,7.95,112,0,80.28,10.58,"Beta","api","media","success"
9.44,9.25,126,3,68.73,16.24,"Delta","ui","alta","success"
8.08,7.8,128,0,81.7,11.15,"Alpha","auth","media","failed"
13.3,6.9,125,1,82.48,32.74,"Delta","auth","media","success"
5.26,9.66,127,1,77.81,27.49,"Delta","payments","media","success"
16.84,13.83,112,4,100,14.98,"Beta","api","media","success"
7.81,8.02,116,0,82.76,4.58,"Alpha","payments","baja","success"
13.75,0.5,129,3,67.45,4.41,"Gamma","auth","media","success"
10.65,5.61,155,3,86.13,23.54,"Beta","database","baja","failed"
2.48,7.43,126,2,73.51,6.23,"Gamma","ui","baja","success"
13.04,4.11,112,1,64.7,5.31,"Alpha","payments","baja","success"
7.59,8.79,113,1,66.77,11.24,"Alpha","ui","crítica","success"
15.69,6.54,128,2,79.28,10.04,"Alpha","payments","alta","success"
2.19,9.74,123,3,60.5,15.32,"Alpha","api","media","success"
11.48,10.36,124,0,71.54,17.5,"Delta","ui","alta","success"
7.79,3.46,131,3,80.58,26.79,"Beta","database","baja","success"
16.51,9.41,123,1,71.41,26.34,"Gamma","api","media","success"
9.09,10.43,115,2,100,17.31,"Alpha","ui","baja","failed"
15.74,6.3,133,1,85.55,16.72,"Gamma","database","media","success"
10.13,5.68,122,2,64.36,19.04,"Alpha","ui","baja","rolled_back"
12.52,3.16,141,5,67.56,3.42,"Delta","auth","media","success"
17.85,10.41,113,3,83.16,8.76,"Beta","auth","alta","success"
9.27,13.21,126,1,77.16,17.1,"Alpha","ui","crítica","success"
19.27,7.71,129,1,84.31,6.47,"Beta","api","baja","success"
15.94,10.77,128,1,73.07,13.27,"Alpha","payments","alta","success"
17.14,11.07,120,3,40.3,10.2,"Delta","auth","alta","failed"
3.01,8.25,122,3,67.71,3.23,"Alpha","api","alta","success"
11.33,8.1,145,1,58.74,3.93,"Beta","api","media","rolled_back"
6.13,13.13,123,4,78.01,18.75,"Gamma","database","crítica","success"
15.04,6.88,109,0,93.83,9.58,"Alpha","auth","media","success"
16.89,5.05,112,1,72.35,12.97,"Alpha","database","media","success"
9.53,11.1,104,1,76.11,10.2,"Delta","payments","media","success"
9.95,6.5,118,1,67.09,14.74,"Alpha","auth","media","success"
5.51,4.31,131,2,84.39,6.22,"Delta","ui","crítica","rolled_back"
15.16,7.16,130,2,78.4,2.76,"Delta","payments","baja","success"
17.85,5.89,107,2,79.65,7.19,"Gamma","database","baja","success"
5.2,5.51,122,0,73.67,4.97,"Gamma","payments","baja","success"
4.75,13.68,116,3,68.12,10.56,"Alpha","database","baja","success"
16.58,8.03,107,2,100,8.54,"Alpha","ui","baja","success"
17.39,9.4,128,3,87.77,7.97,"Beta","api","baja","success"
13.49,2.73,116,0,69.45,14.93,"Gamma","payments","alta","success"
12.97,8.26,110,3,68.15,8.11,"Gamma","payments","alta","success"
9.51,3.5,123,1,95.58,22.87,"Beta","api","alta","success"
13.36,9.18,114,1,88.03,35.86,"Alpha","payments","media","success"
10.19,9.81,130,1,64.74,11.37,"Alpha","database","baja","success"
20.17,6.93,130,2,69.02,9.12,"Beta","payments","crítica","success"
10.2,6.66,122,1,68.92,24.78,"Gamma","database","crítica","success"
0.5,11.31,134,2,81.49,10.27,"Beta","payments","baja","success"
14,5.27,137,2,78.78,14.72,"Gamma","api","crítica","success"
6.97,8.77,142,5,69.87,10.48,"Gamma","payments","baja","success"
15.29,9.23,131,1,80.58,23.42,"Delta","api","media","success"
5.82,9.85,136,0,63.2,10.72,"Gamma","payments","alta","success"
10.96,7.71,116,2,83.29,3.24,"Delta","api","media","success"
13.56,8.4,119,3,85.33,5.8,"Alpha","payments","alta","success"
11.21,5.56,117,1,88.23,27.31,"Delta","database","media","success"
4.21,10.35,115,2,85.38,8.28,"Delta","ui","baja","success"
6.29,6.53,119,2,82.2,4.73,"Gamma","auth","media","success"
8.6,5.44,115,1,86.31,4.47,"Gamma","payments","media","success"
18.5,7.08,99,2,63.84,4.92,"Beta","database","crítica","success"
11.49,6.11,117,0,79.25,31.06,"Delta","payments","crítica","success"
17.1,10.7,102,1,100,11.56,"Beta","database","media","rolled_back"
12.72,6.39,97,0,82.8,10.45,"Beta","auth","alta","success"
